question,worker,answer
392,AD317NO9623GZ,1
476,ATQWZNGQCN1RA,1
408,A2UFD1I8ZO1V4G,1
241,A3E157ZN8XPUKJ,1
318,AKBP92VUQ7G3,0
70,A2UFD1I8ZO1V4G,0
519,A2V3P1XE33NYC3,3
534,A3E157ZN8XPUKJ,2
538,A2UFD1I8ZO1V4G,1
13,AKBP92VUQ7G3,0
66,A2UFD1I8ZO1V4G,1
407,AKBP92VUQ7G3,2
324,A2H321P1NSEW35,0
188,A2V3P1XE33NYC3,1
208,ATQWZNGQCN1RA,0
81,A3NU1SQPI1NXY4,1
2,A3E157ZN8XPUKJ,3
163,A2V3P1XE33NYC3,3
306,ATQWZNGQCN1RA,0
287,A2V3P1XE33NYC3,1
66,AD317NO9623GZ,1
138,AM2W23THD4CI7,3
262,A2V3P1XE33NYC3,0
6,A2V3P1XE33NYC3,1
188,A3NU1SQPI1NXY4,1
175,A3NU1SQPI1NXY4,0
428,A1PAR1TMKFPKQE,0
260,A2UFD1I8ZO1V4G,2
293,A1BHMDRWW9ZYSO,0
472,A2V3P1XE33NYC3,2
549,AM2W23THD4CI7,3
531,AD317NO9623GZ,0
245,A3E157ZN8XPUKJ,1
544,A2UFD1I8ZO1V4G,2
466,AD317NO9623GZ,2
423,A2V3P1XE33NYC3,1
46,A3E157ZN8XPUKJ,1
222,A2UFD1I8ZO1V4G,1
519,AD317NO9623GZ,0
68,A2V3P1XE33NYC3,0
404,A2V3P1XE33NYC3,0
296,A3E157ZN8XPUKJ,0
262,AD317NO9623GZ,0
433,AKBP92VUQ7G3,0
391,A2UFD1I8ZO1V4G,2
303,AKBP92VUQ7G3,0
501,A2UFD1I8ZO1V4G,0
563,AKBP92VUQ7G3,0
233,AD317NO9623GZ,0
90,A2UFD1I8ZO1V4G,2
52,AD317NO9623GZ,1
183,ATQWZNGQCN1RA,0
84,A2H321P1NSEW35,0
566,A3NU1SQPI1NXY4,0
205,A1BHMDRWW9ZYSO,0
532,A1PAR1TMKFPKQE,0
284,A2UFD1I8ZO1V4G,0
298,A2V3P1XE33NYC3,1
191,A2UFD1I8ZO1V4G,2
52,A2BERTY629PZDT,1
280,A2UFD1I8ZO1V4G,1
422,A1VW9W0DWXCPYE,0
55,A2UFD1I8ZO1V4G,0
140,A2H321P1NSEW35,0
440,A2UFD1I8ZO1V4G,0
439,A1PAR1TMKFPKQE,0
35,AKBP92VUQ7G3,0
247,A3GLUDQZGEJL5G,0
574,A1PAR1TMKFPKQE,0
433,A2V3P1XE33NYC3,2
354,A1PAR1TMKFPKQE,0
284,A1PAR1TMKFPKQE,0
7,A3E157ZN8XPUKJ,0
67,A1BHMDRWW9ZYSO,0
382,A2UFD1I8ZO1V4G,0
354,AKBP92VUQ7G3,0
527,AKBP92VUQ7G3,1
555,AD317NO9623GZ,0
508,ATQWZNGQCN1RA,2
297,AKBP92VUQ7G3,0
510,A3NU1SQPI1NXY4,1
307,ATQWZNGQCN1RA,1
219,A1PAR1TMKFPKQE,0
115,A3NU1SQPI1NXY4,0
529,A3E157ZN8XPUKJ,1
261,ATQWZNGQCN1RA,2
294,A1PAR1TMKFPKQE,1
163,A2H321P1NSEW35,2
166,A3NU1SQPI1NXY4,0
392,A2V3P1XE33NYC3,1
425,A1BHMDRWW9ZYSO,0
524,A1C0Z73809FFDZ,0
315,A2V3P1XE33NYC3,0
32,A1PAR1TMKFPKQE,3
5,A3E157ZN8XPUKJ,1
205,A3E157ZN8XPUKJ,2
122,AKBP92VUQ7G3,1
142,A1PAR1TMKFPKQE,0
481,A2BERTY629PZDT,1
551,A2V3P1XE33NYC3,2
271,AD317NO9623GZ,0
218,A2H321P1NSEW35,0
133,A1BHMDRWW9ZYSO,3
470,A2V3P1XE33NYC3,1
373,A1KZOLS51I9SS7,1
34,A3E157ZN8XPUKJ,1
145,AD317NO9623GZ,2
390,AD317NO9623GZ,0
4,A2UFD1I8ZO1V4G,0
108,AKBP92VUQ7G3,0
93,A1PAR1TMKFPKQE,1
581,A2AM6H3R1LSM9S,1
3,AWRAXV1RIYR0M,0
12,A2H321P1NSEW35,0
182,A3E157ZN8XPUKJ,0
483,A2V3P1XE33NYC3,3
154,A3E157ZN8XPUKJ,2
304,A2AM6H3R1LSM9S,2
575,A1PAR1TMKFPKQE,0
319,A2V3P1XE33NYC3,3
151,A1PAR1TMKFPKQE,1
400,A2V3P1XE33NYC3,3
512,ATQWZNGQCN1RA,2
180,A3E157ZN8XPUKJ,0
552,A3NU1SQPI1NXY4,0
210,A2V3P1XE33NYC3,0
457,A3NU1SQPI1NXY4,1
578,A3NU1SQPI1NXY4,1
281,AKBP92VUQ7G3,0
541,A2UFD1I8ZO1V4G,2
479,A2V3P1XE33NYC3,3
295,A2UFD1I8ZO1V4G,0
163,A2UFD1I8ZO1V4G,2
249,AD317NO9623GZ,0
565,AWRAXV1RIYR0M,0
268,A2UFD1I8ZO1V4G,2
104,A2H321P1NSEW35,0
343,A2H321P1NSEW35,3
135,A1BHMDRWW9ZYSO,3
124,A1BHMDRWW9ZYSO,3
271,AKBP92VUQ7G3,0
174,AD317NO9623GZ,1
369,A3NU1SQPI1NXY4,0
247,A3E157ZN8XPUKJ,2
43,A3KAJ085J9OR0Z,0
474,A3NU1SQPI1NXY4,3
193,A1PAR1TMKFPKQE,0
99,A2V3P1XE33NYC3,2
4,ATQWZNGQCN1RA,1
541,ATQWZNGQCN1RA,2
86,A1VW9W0DWXCPYE,0
212,ATQWZNGQCN1RA,0
385,ATQWZNGQCN1RA,0
443,A3E157ZN8XPUKJ,1
357,AKBP92VUQ7G3,0
71,A1PAR1TMKFPKQE,1
101,AY5QPUSEADPBG,2
527,A1VW9W0DWXCPYE,1
83,A2H321P1NSEW35,0
436,A2H321P1NSEW35,0
240,A3E157ZN8XPUKJ,1
133,A2UFD1I8ZO1V4G,3
491,AD317NO9623GZ,3
509,ATQWZNGQCN1RA,1
277,AD317NO9623GZ,3
400,AD317NO9623GZ,0
320,A356EVHB3TU90R,1
158,A2UFD1I8ZO1V4G,0
582,AKBP92VUQ7G3,0
296,A1PAR1TMKFPKQE,3
154,AKBP92VUQ7G3,2
478,A2V3P1XE33NYC3,3
251,A2V3P1XE33NYC3,0
283,A2UFD1I8ZO1V4G,1
176,A2UFD1I8ZO1V4G,3
173,A1PAR1TMKFPKQE,3
328,ATQWZNGQCN1RA,2
36,AD317NO9623GZ,3
89,A3E157ZN8XPUKJ,2
239,AD317NO9623GZ,2
68,AKBP92VUQ7G3,0
412,A3E157ZN8XPUKJ,3
214,A3NU1SQPI1NXY4,0
548,A2UFD1I8ZO1V4G,0
171,A3KAJ085J9OR0Z,1
166,ATQWZNGQCN1RA,0
582,A2V3P1XE33NYC3,0
298,A3NU1SQPI1NXY4,1
463,AKBP92VUQ7G3,1
266,AD317NO9623GZ,0
15,A2V3P1XE33NYC3,0
134,A2V3P1XE33NYC3,0
419,AKBP92VUQ7G3,0
197,A1VW9W0DWXCPYE,3
428,A1BHMDRWW9ZYSO,0
268,AKBP92VUQ7G3,2
363,AKBP92VUQ7G3,0
375,ATQWZNGQCN1RA,2
406,A1VW9W0DWXCPYE,3
3,A3NU1SQPI1NXY4,2
242,A1BHMDRWW9ZYSO,0
544,AD317NO9623GZ,3
394,A2V3P1XE33NYC3,3
204,A1KZOLS51I9SS7,0
466,ATQWZNGQCN1RA,2
286,AD317NO9623GZ,0
219,AD317NO9623GZ,0
548,A2H321P1NSEW35,0
459,ATQWZNGQCN1RA,2
104,A1PAR1TMKFPKQE,0
160,A2UFD1I8ZO1V4G,3
240,A1PAR1TMKFPKQE,0
313,A2UFD1I8ZO1V4G,1
132,AD317NO9623GZ,1
487,AD317NO9623GZ,0
480,A2V3P1XE33NYC3,2
302,AM2W23THD4CI7,3
358,AD317NO9623GZ,1
452,AD317NO9623GZ,0
335,ATQWZNGQCN1RA,0
330,A2V3P1XE33NYC3,1
548,A3NU1SQPI1NXY4,2
549,AD317NO9623GZ,0
344,A2V3P1XE33NYC3,0
235,A3E157ZN8XPUKJ,1
66,A2V3P1XE33NYC3,1
577,A3NU1SQPI1NXY4,0
338,A1PAR1TMKFPKQE,1
283,ATQWZNGQCN1RA,1
244,ATQWZNGQCN1RA,0
451,AD317NO9623GZ,1
123,A2AM6H3R1LSM9S,2
473,A3NU1SQPI1NXY4,2
516,AD317NO9623GZ,0
104,A2UFD1I8ZO1V4G,2
41,AM2W23THD4CI7,3
536,A3E157ZN8XPUKJ,3
358,A2V3P1XE33NYC3,1
45,A2V3P1XE33NYC3,3
432,A2V3P1XE33NYC3,3
359,A2AM6H3R1LSM9S,3
102,AD317NO9623GZ,3
143,A2BERTY629PZDT,2
426,A1BHMDRWW9ZYSO,1
135,A2UFD1I8ZO1V4G,3
141,ATQWZNGQCN1RA,1
3,AD317NO9623GZ,0
342,A2UFD1I8ZO1V4G,1
368,A1PAR1TMKFPKQE,2
406,ATQWZNGQCN1RA,3
29,AKBP92VUQ7G3,2
222,AD317NO9623GZ,0
201,A2V3P1XE33NYC3,1
53,A2UFD1I8ZO1V4G,0
457,AKBP92VUQ7G3,1
74,A2UFD1I8ZO1V4G,0
533,A1PAR1TMKFPKQE,3
74,A1BHMDRWW9ZYSO,0
135,A3NU1SQPI1NXY4,1
94,ATQWZNGQCN1RA,3
535,ATQWZNGQCN1RA,1
349,AD317NO9623GZ,1
188,A3E157ZN8XPUKJ,1
334,A3E157ZN8XPUKJ,2
316,AKBP92VUQ7G3,0
267,AD317NO9623GZ,0
352,AD317NO9623GZ,0
2,AKBP92VUQ7G3,0
174,A2V3P1XE33NYC3,1
194,AD317NO9623GZ,1
334,AKBP92VUQ7G3,0
520,A1PAR1TMKFPKQE,2
467,AKBP92VUQ7G3,1
271,ATQWZNGQCN1RA,0
209,AKBP92VUQ7G3,0
100,A2UFD1I8ZO1V4G,0
378,A2UFD1I8ZO1V4G,1
253,A3NU1SQPI1NXY4,3
40,A2UFD1I8ZO1V4G,0
338,A2V3P1XE33NYC3,0
141,A3NU1SQPI1NXY4,1
415,A1PAR1TMKFPKQE,1
507,A1BHMDRWW9ZYSO,3
431,A2H321P1NSEW35,0
331,AKBP92VUQ7G3,0
169,A2V3P1XE33NYC3,1
510,ATQWZNGQCN1RA,0
326,A1PAR1TMKFPKQE,1
200,A2V3P1XE33NYC3,1
486,ATQWZNGQCN1RA,0
349,AM2W23THD4CI7,1
44,AKBP92VUQ7G3,0
559,A3E157ZN8XPUKJ,0
419,A2H321P1NSEW35,2
375,A3NU1SQPI1NXY4,2
339,A36JZTUKQVV5S5,2
362,A2AM6H3R1LSM9S,0
393,A1VW9W0DWXCPYE,1
42,A3NU1SQPI1NXY4,1
485,A2V3P1XE33NYC3,1
440,AM2W23THD4CI7,1
427,A1BHMDRWW9ZYSO,0
69,A36JZTUKQVV5S5,0
63,A3E157ZN8XPUKJ,3
281,AD317NO9623GZ,3
94,A3NU1SQPI1NXY4,1
113,A2UFD1I8ZO1V4G,0
454,A1BHMDRWW9ZYSO,0
281,A3NU1SQPI1NXY4,3
281,A1PAR1TMKFPKQE,3
514,A3NU1SQPI1NXY4,0
166,AD317NO9623GZ,1
111,A2H321P1NSEW35,0
302,AKBP92VUQ7G3,0
487,A2V3P1XE33NYC3,1
393,A3E157ZN8XPUKJ,1
265,AD317NO9623GZ,1
430,A3E157ZN8XPUKJ,1
502,A1VW9W0DWXCPYE,1
584,A2UFD1I8ZO1V4G,1
152,A2V3P1XE33NYC3,3
232,ATQWZNGQCN1RA,1
323,A1BHMDRWW9ZYSO,0
399,A3E157ZN8XPUKJ,0
542,A3E157ZN8XPUKJ,1
75,AKBP92VUQ7G3,2
6,AD317NO9623GZ,0
413,A1PAR1TMKFPKQE,2
65,A1BHMDRWW9ZYSO,2
120,A2H321P1NSEW35,0
21,A2UFD1I8ZO1V4G,3
206,A2V3P1XE33NYC3,1
105,AD317NO9623GZ,3
68,AD317NO9623GZ,0
417,A1PAR1TMKFPKQE,3
16,ATQWZNGQCN1RA,0
352,A3E157ZN8XPUKJ,0
421,A1VW9W0DWXCPYE,0
434,AM2W23THD4CI7,0
60,AKBP92VUQ7G3,0
348,A2V3P1XE33NYC3,1
313,AKBP92VUQ7G3,1
101,A2H321P1NSEW35,0
165,A3NU1SQPI1NXY4,0
459,A1PAR1TMKFPKQE,2
486,AKBP92VUQ7G3,0
257,AD317NO9623GZ,1
457,A1VW9W0DWXCPYE,1
86,ATQWZNGQCN1RA,0
132,A2V3P1XE33NYC3,1
493,A53VNQRRFQ785,0
19,A1PAR1TMKFPKQE,2
555,A3NU1SQPI1NXY4,3
37,A2AM6H3R1LSM9S,0
53,AKBP92VUQ7G3,0
570,AD317NO9623GZ,1
276,A2UFD1I8ZO1V4G,1
562,A3NU1SQPI1NXY4,0
53,AD317NO9623GZ,1
429,A2V3P1XE33NYC3,2
486,AORFXVSW8DDHP,1
360,A2UFD1I8ZO1V4G,0
274,A2V3P1XE33NYC3,3
311,A2V3P1XE33NYC3,1
321,ATQWZNGQCN1RA,1
121,A3NU1SQPI1NXY4,0
125,A2UFD1I8ZO1V4G,1
329,A1C0Z73809FFDZ,0
360,AD317NO9623GZ,0
46,AD317NO9623GZ,0
160,A2AM6H3R1LSM9S,3
79,A1BHMDRWW9ZYSO,0
261,AKBP92VUQ7G3,0
549,A2V3P1XE33NYC3,2
261,A3E157ZN8XPUKJ,3
201,AKBP92VUQ7G3,1
538,A2H321P1NSEW35,1
404,A1PAR1TMKFPKQE,0
540,A2UFD1I8ZO1V4G,0
418,A2UFD1I8ZO1V4G,2
290,ATQWZNGQCN1RA,0
77,A3E157ZN8XPUKJ,2
180,A1VW9W0DWXCPYE,0
313,A1KAXCLAH6UVMS,1
192,A53VNQRRFQ785,1
447,A2UFD1I8ZO1V4G,3
73,AD317NO9623GZ,3
526,A3E157ZN8XPUKJ,1
2,A3NU1SQPI1NXY4,2
395,A3NU1SQPI1NXY4,0
33,AM2W23THD4CI7,0
39,AD317NO9623GZ,0
469,A3NU1SQPI1NXY4,1
403,AM2W23THD4CI7,0
328,A3NU1SQPI1NXY4,3
369,A1PAR1TMKFPKQE,0
68,A3NU1SQPI1NXY4,0
479,AM2W23THD4CI7,2
290,AKBP92VUQ7G3,0
259,A53VNQRRFQ785,3
440,A2V3P1XE33NYC3,3
79,A3NU1SQPI1NXY4,1
582,A3NU1SQPI1NXY4,0
374,A1KZOLS51I9SS7,0
343,A2F0X4LN9N4O4C,1
260,AKBP92VUQ7G3,2
540,AKBP92VUQ7G3,0
548,AD317NO9623GZ,0
98,AKBP92VUQ7G3,1
367,A1PAR1TMKFPKQE,0
322,A2H321P1NSEW35,1
57,A3NU1SQPI1NXY4,1
565,A3NU1SQPI1NXY4,0
388,A2V3P1XE33NYC3,1
573,A2UFD1I8ZO1V4G,2
5,A3NU1SQPI1NXY4,1
256,A3E157ZN8XPUKJ,3
171,AKBP92VUQ7G3,0
12,A3NU1SQPI1NXY4,0
198,A3NU1SQPI1NXY4,0
76,A1BHMDRWW9ZYSO,1
505,A3NU1SQPI1NXY4,0
246,A3NU1SQPI1NXY4,2
35,A3E157ZN8XPUKJ,1
491,AKBP92VUQ7G3,0
113,A3NU1SQPI1NXY4,0
386,A2H321P1NSEW35,3
174,AKBP92VUQ7G3,1
436,AKBP92VUQ7G3,0
41,A2UFD1I8ZO1V4G,2
337,A1PAR1TMKFPKQE,1
361,A1KZOLS51I9SS7,2
498,A2UFD1I8ZO1V4G,0
95,AKBP92VUQ7G3,0
157,A1PAR1TMKFPKQE,0
144,A1PAR1TMKFPKQE,1
225,ATQWZNGQCN1RA,3
481,A3GLUDQZGEJL5G,1
104,A3NU1SQPI1NXY4,3
124,A3NU1SQPI1NXY4,3
161,A2H321P1NSEW35,0
402,A1PAR1TMKFPKQE,0
272,A2V3P1XE33NYC3,2
209,A3NU1SQPI1NXY4,0
540,A2F0X4LN9N4O4C,0
133,AKBP92VUQ7G3,0
72,ATQWZNGQCN1RA,0
517,A2UFD1I8ZO1V4G,3
330,A1KZOLS51I9SS7,1
17,A3NU1SQPI1NXY4,2
317,A2H321P1NSEW35,0
361,A2AM6H3R1LSM9S,3
96,AD317NO9623GZ,2
58,A2V3P1XE33NYC3,3
93,A2UFD1I8ZO1V4G,1
270,A2UFD1I8ZO1V4G,2
537,A2H321P1NSEW35,0
257,A2UFD1I8ZO1V4G,1
27,A2UFD1I8ZO1V4G,2
412,AM2W23THD4CI7,3
38,AD317NO9623GZ,1
437,ATQWZNGQCN1RA,0
299,A2AM6H3R1LSM9S,2
54,AKBP92VUQ7G3,0
193,A2UFD1I8ZO1V4G,0
272,A1BHMDRWW9ZYSO,0
48,A2UFD1I8ZO1V4G,2
506,A1BHMDRWW9ZYSO,3
92,A3E157ZN8XPUKJ,1
535,A1PAR1TMKFPKQE,1
334,A2H321P1NSEW35,0
25,A2UFD1I8ZO1V4G,1
187,AKBP92VUQ7G3,0
393,AKBP92VUQ7G3,0
567,AWRAXV1RIYR0M,0
107,A3NU1SQPI1NXY4,1
243,AD317NO9623GZ,0
509,A36JZTUKQVV5S5,1
327,AD317NO9623GZ,2
308,A2V3P1XE33NYC3,3
438,AD317NO9623GZ,0
491,A2V3P1XE33NYC3,3
171,A2V3P1XE33NYC3,0
349,A3E157ZN8XPUKJ,1
105,A2H321P1NSEW35,0
443,A1BHMDRWW9ZYSO,1
525,A3GLUDQZGEJL5G,0
52,A2UFD1I8ZO1V4G,3
110,AD317NO9623GZ,1
581,AKBP92VUQ7G3,2
50,A2UFD1I8ZO1V4G,0
206,A3NU1SQPI1NXY4,1
76,ATQWZNGQCN1RA,1
573,AKBP92VUQ7G3,0
207,ATQWZNGQCN1RA,0
339,A2V3P1XE33NYC3,2
393,ATQWZNGQCN1RA,1
61,AD317NO9623GZ,3
557,A1PAR1TMKFPKQE,0
395,A3E157ZN8XPUKJ,0
359,AKBP92VUQ7G3,1
573,A2V3P1XE33NYC3,0
484,A3GLUDQZGEJL5G,0
574,A2V3P1XE33NYC3,0
94,A2V3P1XE33NYC3,3
537,AWRAXV1RIYR0M,3
210,A1PAR1TMKFPKQE,0
241,AD317NO9623GZ,1
128,AKBP92VUQ7G3,0
62,ATQWZNGQCN1RA,1
546,A3NU1SQPI1NXY4,1
9,A3NU1SQPI1NXY4,1
495,A2V3P1XE33NYC3,1
197,AWRAXV1RIYR0M,3
487,AORFXVSW8DDHP,0
517,A3NU1SQPI1NXY4,2
517,AD317NO9623GZ,3
283,A1PAR1TMKFPKQE,1
207,AKBP92VUQ7G3,0
533,AM2W23THD4CI7,3
56,A2V3P1XE33NYC3,3
502,A2UFD1I8ZO1V4G,1
73,A3NU1SQPI1NXY4,3
76,AKBP92VUQ7G3,1
355,A2UFD1I8ZO1V4G,0
492,A3NU1SQPI1NXY4,1
400,A1PAR1TMKFPKQE,0
312,AKBP92VUQ7G3,0
362,A1KZOLS51I9SS7,1
32,AKBP92VUQ7G3,3
192,AD317NO9623GZ,1
116,AD317NO9623GZ,2
416,AKBP92VUQ7G3,0
85,A3NU1SQPI1NXY4,1
64,ATQWZNGQCN1RA,0
247,AD317NO9623GZ,2
439,A3NU1SQPI1NXY4,0
434,A2H321P1NSEW35,0
66,A3NU1SQPI1NXY4,1
81,A2V3P1XE33NYC3,1
128,A2H321P1NSEW35,0
456,A2V3P1XE33NYC3,0
534,A2V3P1XE33NYC3,3
117,A2H321P1NSEW35,0
379,A3E157ZN8XPUKJ,1
565,A1PAR1TMKFPKQE,0
106,A2H321P1NSEW35,1
416,A3NU1SQPI1NXY4,0
325,A1C0Z73809FFDZ,0
215,A1VW9W0DWXCPYE,0
169,A1C0Z73809FFDZ,1
529,A2UFD1I8ZO1V4G,1
582,ATQWZNGQCN1RA,0
417,AKBP92VUQ7G3,0
352,A3NU1SQPI1NXY4,1
136,AWRAXV1RIYR0M,1
249,AKBP92VUQ7G3,0
512,A2V3P1XE33NYC3,2
553,AD317NO9623GZ,0
330,AD317NO9623GZ,1
169,A2UFD1I8ZO1V4G,1
44,A2V3P1XE33NYC3,3
109,A2H321P1NSEW35,2
505,A1PAR1TMKFPKQE,0
148,A2H321P1NSEW35,0
26,A2V3P1XE33NYC3,3
301,AKBP92VUQ7G3,1
560,A3E157ZN8XPUKJ,1
46,A3NU1SQPI1NXY4,0
34,ATQWZNGQCN1RA,0
303,A3E157ZN8XPUKJ,0
122,A2V3P1XE33NYC3,1
568,A2UFD1I8ZO1V4G,0
83,A2BERTY629PZDT,2
281,A2UFD1I8ZO1V4G,0
334,ATQWZNGQCN1RA,0
233,A2H321P1NSEW35,0
285,A2AM6H3R1LSM9S,2
262,A2H321P1NSEW35,0
127,A3NU1SQPI1NXY4,2
284,A2V3P1XE33NYC3,3
369,AD317NO9623GZ,2
583,A3NU1SQPI1NXY4,2
476,A1C0Z73809FFDZ,1
336,A3NU1SQPI1NXY4,2
13,A3NU1SQPI1NXY4,0
502,AD317NO9623GZ,1
369,ATQWZNGQCN1RA,0
296,AD317NO9623GZ,0
203,A2V3P1XE33NYC3,2
547,A2UFD1I8ZO1V4G,0
325,A2UFD1I8ZO1V4G,3
489,A3E157ZN8XPUKJ,0
28,AD317NO9623GZ,3
202,A3E157ZN8XPUKJ,2
445,A2UFD1I8ZO1V4G,3
372,AD317NO9623GZ,0
238,A1PAR1TMKFPKQE,3
558,AD317NO9623GZ,1
431,A2V3P1XE33NYC3,0
390,A2UFD1I8ZO1V4G,3
274,ATQWZNGQCN1RA,3
117,A3NU1SQPI1NXY4,2
410,A3NU1SQPI1NXY4,1
260,A3NU1SQPI1NXY4,2
521,A2V3P1XE33NYC3,0
177,ATQWZNGQCN1RA,1
390,A2V3P1XE33NYC3,0
359,AD317NO9623GZ,2
201,A1KZOLS51I9SS7,1
4,AWRAXV1RIYR0M,0
327,A2UFD1I8ZO1V4G,2
509,A1PAR1TMKFPKQE,1
118,AD317NO9623GZ,3
369,A2V3P1XE33NYC3,0
328,AD317NO9623GZ,2
202,A2V3P1XE33NYC3,0
406,A3NU1SQPI1NXY4,3
120,A2UFD1I8ZO1V4G,0
15,A2H321P1NSEW35,0
569,AM2W23THD4CI7,3
228,AD317NO9623GZ,0
353,AKBP92VUQ7G3,1
481,ATQWZNGQCN1RA,1
520,AKBP92VUQ7G3,2
225,A2UFD1I8ZO1V4G,2
418,A2H321P1NSEW35,0
80,A3NU1SQPI1NXY4,1
381,A3NU1SQPI1NXY4,2
103,A2V3P1XE33NYC3,0
521,A2UFD1I8ZO1V4G,2
129,ATQWZNGQCN1RA,1
102,ATQWZNGQCN1RA,0
147,A2H321P1NSEW35,0
187,A3NU1SQPI1NXY4,2
250,A2BERTY629PZDT,3
337,A1C0Z73809FFDZ,1
208,A1BHMDRWW9ZYSO,0
329,A2V3P1XE33NYC3,3
370,A1PAR1TMKFPKQE,0
363,A2AM6H3R1LSM9S,0
407,AD317NO9623GZ,2
52,AKBP92VUQ7G3,2
22,A3NU1SQPI1NXY4,0
578,A2V3P1XE33NYC3,1
522,A2H321P1NSEW35,0
440,A2AM6H3R1LSM9S,3
420,A3NU1SQPI1NXY4,0
514,A1BHMDRWW9ZYSO,0
252,A2V3P1XE33NYC3,1
122,A3NU1SQPI1NXY4,1
63,A3NU1SQPI1NXY4,0
150,AKBP92VUQ7G3,1
202,AD317NO9623GZ,0
385,A2UFD1I8ZO1V4G,1
532,AD317NO9623GZ,0
362,A2V3P1XE33NYC3,1
381,A1PAR1TMKFPKQE,3
279,ATQWZNGQCN1RA,2
449,A2UFD1I8ZO1V4G,2
447,AKBP92VUQ7G3,0
354,A1BHMDRWW9ZYSO,0
302,A2UFD1I8ZO1V4G,2
534,A2UFD1I8ZO1V4G,3
280,ATQWZNGQCN1RA,1
127,A2H321P1NSEW35,0
372,AKBP92VUQ7G3,1
298,A2UFD1I8ZO1V4G,1
229,A3E157ZN8XPUKJ,3
19,ATQWZNGQCN1RA,0
407,A2UFD1I8ZO1V4G,2
28,A3E157ZN8XPUKJ,3
473,A3E157ZN8XPUKJ,3
298,A2AM6H3R1LSM9S,1
222,A3NU1SQPI1NXY4,1
499,AKBP92VUQ7G3,0
569,A2V3P1XE33NYC3,3
373,ATQWZNGQCN1RA,1
152,AKBP92VUQ7G3,0
356,A3NU1SQPI1NXY4,2
480,A3NU1SQPI1NXY4,1
190,AD317NO9623GZ,1
205,AD317NO9623GZ,0
441,A1VW9W0DWXCPYE,1
153,A2H321P1NSEW35,3
353,AD317NO9623GZ,1
159,A3E157ZN8XPUKJ,0
521,A1C0Z73809FFDZ,0
542,AD317NO9623GZ,1
350,ATQWZNGQCN1RA,0
559,A3NU1SQPI1NXY4,1
484,A2UFD1I8ZO1V4G,0
407,A3NU1SQPI1NXY4,2
425,ATQWZNGQCN1RA,0
25,AKBP92VUQ7G3,1
511,AWRAXV1RIYR0M,0
294,A3NU1SQPI1NXY4,1
505,A1VW9W0DWXCPYE,0
355,A1BHMDRWW9ZYSO,0
10,A3NU1SQPI1NXY4,0
189,ATQWZNGQCN1RA,1
485,AKBP92VUQ7G3,1
12,A2UFD1I8ZO1V4G,0
104,ATQWZNGQCN1RA,1
181,AM2W23THD4CI7,0
59,A1PAR1TMKFPKQE,3
124,A2AM6H3R1LSM9S,3
1,ATQWZNGQCN1RA,0
418,AKBP92VUQ7G3,0
143,AKBP92VUQ7G3,0
234,A2V3P1XE33NYC3,2
330,A3E157ZN8XPUKJ,1
577,AD317NO9623GZ,0
478,AKBP92VUQ7G3,0
366,AKBP92VUQ7G3,3
408,A3NU1SQPI1NXY4,1
125,ATQWZNGQCN1RA,1
468,AM2W23THD4CI7,2
109,A1KZOLS51I9SS7,2
413,A3UX2FXA3NMJCS,0
58,ATQWZNGQCN1RA,2
79,A3E157ZN8XPUKJ,0
204,AKBP92VUQ7G3,0
573,ATQWZNGQCN1RA,0
281,ATQWZNGQCN1RA,0
404,AKBP92VUQ7G3,0
192,A3NU1SQPI1NXY4,1
217,ATQWZNGQCN1RA,0
567,A1BHMDRWW9ZYSO,0
327,A1C0Z73809FFDZ,3
547,A2H321P1NSEW35,0
545,AD317NO9623GZ,0
166,A2AM6H3R1LSM9S,1
570,A2V3P1XE33NYC3,1
442,A2V3P1XE33NYC3,2
458,A3E157ZN8XPUKJ,3
462,AKBP92VUQ7G3,0
27,A2H321P1NSEW35,2
79,AD317NO9623GZ,0
136,AKBP92VUQ7G3,1
272,AD317NO9623GZ,0
291,A2UFD1I8ZO1V4G,2
553,A2AM6H3R1LSM9S,0
230,A2V3P1XE33NYC3,0
551,ATQWZNGQCN1RA,0
237,AKBP92VUQ7G3,0
97,A2V3P1XE33NYC3,1
101,A1PAR1TMKFPKQE,3
494,A2V3P1XE33NYC3,1
165,AKBP92VUQ7G3,0
523,ATQWZNGQCN1RA,0
103,A1PAR1TMKFPKQE,3
48,A1PAR1TMKFPKQE,2
436,ATQWZNGQCN1RA,0
178,ATQWZNGQCN1RA,0
322,A2UFD1I8ZO1V4G,1
311,A1KZOLS51I9SS7,1
405,A2UFD1I8ZO1V4G,0
144,A2H321P1NSEW35,0
343,A2V3P1XE33NYC3,3
22,AKBP92VUQ7G3,0
212,AD317NO9623GZ,1
274,A3E157ZN8XPUKJ,3
539,A3NU1SQPI1NXY4,2
243,A3E157ZN8XPUKJ,3
146,A1BHMDRWW9ZYSO,1
371,A2UFD1I8ZO1V4G,3
99,AD317NO9623GZ,2
134,AKBP92VUQ7G3,0
285,A2UFD1I8ZO1V4G,2
110,A1KZOLS51I9SS7,1
114,A3NU1SQPI1NXY4,3
494,A3NU1SQPI1NXY4,1
293,A3E157ZN8XPUKJ,0
410,AKBP92VUQ7G3,1
416,A3UX2FXA3NMJCS,0
299,AKBP92VUQ7G3,2
197,A3NU1SQPI1NXY4,3
561,A1PAR1TMKFPKQE,1
10,A2H321P1NSEW35,0
194,A1BHMDRWW9ZYSO,2
17,A2UFD1I8ZO1V4G,2
236,A3NU1SQPI1NXY4,3
5,A2UFD1I8ZO1V4G,1
552,ATQWZNGQCN1RA,0
519,A1PAR1TMKFPKQE,3
325,AKBP92VUQ7G3,0
181,ATQWZNGQCN1RA,0
463,A2V3P1XE33NYC3,1
373,A2UFD1I8ZO1V4G,0
436,A2UFD1I8ZO1V4G,0
46,A2H321P1NSEW35,0
312,AD317NO9623GZ,0
223,ATQWZNGQCN1RA,3
220,A1PAR1TMKFPKQE,1
382,AD317NO9623GZ,0
280,A3NU1SQPI1NXY4,1
330,A3NU1SQPI1NXY4,1
432,ATQWZNGQCN1RA,0
302,A2AM6H3R1LSM9S,3
220,A3NU1SQPI1NXY4,1
335,A2V3P1XE33NYC3,3
288,A3NU1SQPI1NXY4,0
537,A3NU1SQPI1NXY4,2
546,ATQWZNGQCN1RA,1
552,AD317NO9623GZ,0
138,A3NU1SQPI1NXY4,3
387,A2UFD1I8ZO1V4G,2
325,A1PAR1TMKFPKQE,1
543,A3E157ZN8XPUKJ,0
225,A3NU1SQPI1NXY4,0
266,AKBP92VUQ7G3,0
458,A2UFD1I8ZO1V4G,2
173,A3E157ZN8XPUKJ,3
444,A1VW9W0DWXCPYE,0
444,A2UFD1I8ZO1V4G,0
475,A1C0Z73809FFDZ,0
221,A3GLUDQZGEJL5G,0
568,A3NU1SQPI1NXY4,0
161,ATQWZNGQCN1RA,0
399,A2BERTY629PZDT,3
379,A2V3P1XE33NYC3,0
130,A2UFD1I8ZO1V4G,1
157,A2V3P1XE33NYC3,1
363,A1KZOLS51I9SS7,0
92,AD317NO9623GZ,1
294,A2UFD1I8ZO1V4G,1
11,A2H321P1NSEW35,0
67,A1PAR1TMKFPKQE,0
210,A2UFD1I8ZO1V4G,2
373,AD317NO9623GZ,1
305,ATQWZNGQCN1RA,0
263,A1PAR1TMKFPKQE,0
495,A1PAR1TMKFPKQE,2
171,A1C0Z73809FFDZ,1
130,A3GLUDQZGEJL5G,2
123,A3E157ZN8XPUKJ,2
405,A3NU1SQPI1NXY4,0
310,AM2W23THD4CI7,0
465,AM2W23THD4CI7,1
429,A2BERTY629PZDT,2
517,A1PAR1TMKFPKQE,3
261,A2V3P1XE33NYC3,3
340,AKBP92VUQ7G3,1
449,A2H321P1NSEW35,0
156,A2H321P1NSEW35,1
290,AD317NO9623GZ,0
514,ATQWZNGQCN1RA,0
99,ATQWZNGQCN1RA,2
380,AM2W23THD4CI7,2
183,AM2W23THD4CI7,1
204,A3NU1SQPI1NXY4,0
99,A2UFD1I8ZO1V4G,2
107,A2UFD1I8ZO1V4G,0
121,ATQWZNGQCN1RA,0
207,AY5QPUSEADPBG,3
257,A2H321P1NSEW35,1
16,A2UFD1I8ZO1V4G,2
546,A3E157ZN8XPUKJ,0
362,ATQWZNGQCN1RA,0
475,A2V3P1XE33NYC3,0
167,AD317NO9623GZ,3
2,A2V3P1XE33NYC3,3
459,A1VW9W0DWXCPYE,2
121,A2AM6H3R1LSM9S,0
336,AKBP92VUQ7G3,0
147,ATQWZNGQCN1RA,0
285,A1C0Z73809FFDZ,0
512,A3NU1SQPI1NXY4,1
304,AD317NO9623GZ,0
536,A3NU1SQPI1NXY4,1
574,A3E157ZN8XPUKJ,0
554,A2AM6H3R1LSM9S,1
105,A1BHMDRWW9ZYSO,0
425,A2UFD1I8ZO1V4G,0
366,A2UFD1I8ZO1V4G,3
449,AKBP92VUQ7G3,0
176,AD317NO9623GZ,2
109,AKBP92VUQ7G3,2
452,A2V3P1XE33NYC3,3
79,A2UFD1I8ZO1V4G,0
520,A2UFD1I8ZO1V4G,2
123,A2UFD1I8ZO1V4G,2
229,AD317NO9623GZ,2
196,A2UFD1I8ZO1V4G,1
184,AM2W23THD4CI7,2
521,AD317NO9623GZ,0
481,A2H321P1NSEW35,1
346,ATQWZNGQCN1RA,0
553,A2V3P1XE33NYC3,3
323,A1PAR1TMKFPKQE,2
111,ATQWZNGQCN1RA,2
142,A2V3P1XE33NYC3,0
377,ATQWZNGQCN1RA,0
558,A2UFD1I8ZO1V4G,1
402,A2UFD1I8ZO1V4G,0
581,AD317NO9623GZ,1
184,A1PAR1TMKFPKQE,3
127,ATQWZNGQCN1RA,2
443,A2V3P1XE33NYC3,1
53,A3NU1SQPI1NXY4,1
520,AD317NO9623GZ,2
250,AKBP92VUQ7G3,0
49,A1PAR1TMKFPKQE,1
288,AKBP92VUQ7G3,0
243,AKBP92VUQ7G3,0
267,ATQWZNGQCN1RA,0
157,A3E157ZN8XPUKJ,0
557,A1BHMDRWW9ZYSO,0
418,ATQWZNGQCN1RA,0
184,A3NU1SQPI1NXY4,3
118,AKBP92VUQ7G3,0
273,A2H321P1NSEW35,0
60,ATQWZNGQCN1RA,0
460,A3E157ZN8XPUKJ,0
128,A2V3P1XE33NYC3,3
16,AKBP92VUQ7G3,0
287,A2UFD1I8ZO1V4G,1
326,A3NU1SQPI1NXY4,1
532,A2V3P1XE33NYC3,0
266,A1C0Z73809FFDZ,1
224,A2BERTY629PZDT,1
551,A2H321P1NSEW35,0
73,A2V3P1XE33NYC3,3
187,A2V3P1XE33NYC3,2
546,A2BERTY629PZDT,3
274,AM2W23THD4CI7,3
288,A2UFD1I8ZO1V4G,3
456,A1BHMDRWW9ZYSO,0
58,AD317NO9623GZ,2
458,A2V3P1XE33NYC3,3
524,ATQWZNGQCN1RA,0
328,A1KZOLS51I9SS7,0
170,A1C0Z73809FFDZ,1
246,A3GLUDQZGEJL5G,0
558,A2V3P1XE33NYC3,1
77,A3NU1SQPI1NXY4,2
19,A3NU1SQPI1NXY4,2
564,AD317NO9623GZ,0
109,A2UFD1I8ZO1V4G,2
131,A2UFD1I8ZO1V4G,0
209,A2V3P1XE33NYC3,2
469,A2UFD1I8ZO1V4G,0
132,ATQWZNGQCN1RA,1
121,A2V3P1XE33NYC3,3
67,A2UFD1I8ZO1V4G,3
195,A2V3P1XE33NYC3,1
293,ATQWZNGQCN1RA,0
319,ATQWZNGQCN1RA,0
373,AKBP92VUQ7G3,1
462,AD317NO9623GZ,3
495,A3NU1SQPI1NXY4,1
172,A3NU1SQPI1NXY4,0
466,AKBP92VUQ7G3,2
157,A2AM6H3R1LSM9S,1
547,AD317NO9623GZ,0
301,A2AM6H3R1LSM9S,1
322,AD317NO9623GZ,1
126,A2H321P1NSEW35,3
335,A3E157ZN8XPUKJ,2
540,AWRAXV1RIYR0M,1
328,A2UFD1I8ZO1V4G,2
398,A2BERTY629PZDT,1
196,A2V3P1XE33NYC3,1
391,AWRAXV1RIYR0M,2
225,AM2W23THD4CI7,0
286,A3NU1SQPI1NXY4,0
562,AD317NO9623GZ,0
105,A2V3P1XE33NYC3,3
218,A2V3P1XE33NYC3,0
141,A1PAR1TMKFPKQE,1
381,AKBP92VUQ7G3,0
232,A2AM6H3R1LSM9S,1
60,A2AM6H3R1LSM9S,0
273,AKBP92VUQ7G3,0
226,AKBP92VUQ7G3,1
373,A3NU1SQPI1NXY4,1
27,AKBP92VUQ7G3,2
40,A1PAR1TMKFPKQE,3
267,AKBP92VUQ7G3,2
178,A2V3P1XE33NYC3,2
108,A1PAR1TMKFPKQE,0
499,A2UFD1I8ZO1V4G,1
64,A3E157ZN8XPUKJ,0
41,A3KAJ085J9OR0Z,2
366,ATQWZNGQCN1RA,3
255,A1PAR1TMKFPKQE,0
235,A2UFD1I8ZO1V4G,1
155,A3E157ZN8XPUKJ,0
461,A3NU1SQPI1NXY4,0
190,A2V3P1XE33NYC3,1
460,ATQWZNGQCN1RA,0
534,AM2W23THD4CI7,0
544,A3NU1SQPI1NXY4,2
196,A2H321P1NSEW35,1
24,A2UFD1I8ZO1V4G,2
441,ATQWZNGQCN1RA,1
78,A2UFD1I8ZO1V4G,3
471,AD317NO9623GZ,2
511,AD317NO9623GZ,0
169,A3NU1SQPI1NXY4,1
306,A3NU1SQPI1NXY4,3
71,A3NU1SQPI1NXY4,1
140,A3E157ZN8XPUKJ,3
297,A1PAR1TMKFPKQE,3
308,AKBP92VUQ7G3,0
210,AKBP92VUQ7G3,0
182,A2V3P1XE33NYC3,0
153,ATQWZNGQCN1RA,3
167,A3E157ZN8XPUKJ,3
474,AD317NO9623GZ,0
211,A1PAR1TMKFPKQE,3
112,AKBP92VUQ7G3,1
38,A2UFD1I8ZO1V4G,1
457,AD317NO9623GZ,1
434,AKBP92VUQ7G3,0
426,A2UFD1I8ZO1V4G,1
513,A2V3P1XE33NYC3,3
264,AKBP92VUQ7G3,1
380,A2AM6H3R1LSM9S,3
488,AKBP92VUQ7G3,0
60,A2UFD1I8ZO1V4G,0
285,AD317NO9623GZ,0
20,A2H321P1NSEW35,0
173,A2V3P1XE33NYC3,3
406,A2V3P1XE33NYC3,3
98,A1PAR1TMKFPKQE,1
32,A2V3P1XE33NYC3,3
10,ATQWZNGQCN1RA,0
540,A3NU1SQPI1NXY4,1
176,AKBP92VUQ7G3,2
341,A2H321P1NSEW35,0
112,A2UFD1I8ZO1V4G,1
365,A2V3P1XE33NYC3,1
183,AKBP92VUQ7G3,0
548,A2V3P1XE33NYC3,3
532,A3E157ZN8XPUKJ,0
57,AD317NO9623GZ,0
207,A1BHMDRWW9ZYSO,3
241,A2AM6H3R1LSM9S,1
107,ATQWZNGQCN1RA,0
378,AKBP92VUQ7G3,1
201,A3E157ZN8XPUKJ,1
555,A3E157ZN8XPUKJ,2
583,A2UFD1I8ZO1V4G,2
545,A2H321P1NSEW35,0
58,A1PAR1TMKFPKQE,2
568,AD317NO9623GZ,0
538,ATQWZNGQCN1RA,1
62,A1PAR1TMKFPKQE,1
385,A2V3P1XE33NYC3,0
446,A1PAR1TMKFPKQE,0
74,A2V3P1XE33NYC3,0
516,A2UFD1I8ZO1V4G,0
546,AD317NO9623GZ,0
163,ATQWZNGQCN1RA,2
493,A1VW9W0DWXCPYE,3
71,A2UFD1I8ZO1V4G,1
121,A3E157ZN8XPUKJ,0
549,A3NU1SQPI1NXY4,0
571,AKBP92VUQ7G3,0
89,A2H321P1NSEW35,0
505,AD317NO9623GZ,0
389,A2UFD1I8ZO1V4G,0
406,A2H321P1NSEW35,3
60,AD317NO9623GZ,0
275,A3E157ZN8XPUKJ,3
228,A3E157ZN8XPUKJ,1
352,AKBP92VUQ7G3,0
65,A2UFD1I8ZO1V4G,3
133,A3E157ZN8XPUKJ,1
350,A3NU1SQPI1NXY4,1
101,AKBP92VUQ7G3,0
360,A3E157ZN8XPUKJ,0
495,A2UFD1I8ZO1V4G,1
178,A3E157ZN8XPUKJ,1
292,ATQWZNGQCN1RA,1
129,AKBP92VUQ7G3,1
570,AKBP92VUQ7G3,1
579,ATQWZNGQCN1RA,0
478,ATQWZNGQCN1RA,0
11,A3GLUDQZGEJL5G,0
141,AD317NO9623GZ,1
336,A2H321P1NSEW35,2
161,AD317NO9623GZ,1
553,A3NU1SQPI1NXY4,3
316,A1KAXCLAH6UVMS,1
131,ATQWZNGQCN1RA,0
279,A2V3P1XE33NYC3,3
151,A3E157ZN8XPUKJ,1
13,A1C0Z73809FFDZ,0
493,ATQWZNGQCN1RA,0
584,A2H321P1NSEW35,1
209,A1PAR1TMKFPKQE,2
356,A1PAR1TMKFPKQE,2
87,ATQWZNGQCN1RA,0
213,AKBP92VUQ7G3,1
402,AKBP92VUQ7G3,0
153,AKBP92VUQ7G3,0
250,A2H321P1NSEW35,0
249,A2V3P1XE33NYC3,0
248,A3E157ZN8XPUKJ,1
280,A53VNQRRFQ785,1
517,ATQWZNGQCN1RA,0
89,ATQWZNGQCN1RA,0
76,A2V3P1XE33NYC3,1
576,ATQWZNGQCN1RA,0
67,AD317NO9623GZ,0
538,A2F0X4LN9N4O4C,1
482,A3NU1SQPI1NXY4,1
564,A2UFD1I8ZO1V4G,2
80,A2UFD1I8ZO1V4G,1
575,A2UFD1I8ZO1V4G,2
145,ATQWZNGQCN1RA,0
562,A3E157ZN8XPUKJ,1
454,A2UFD1I8ZO1V4G,0
293,A2UFD1I8ZO1V4G,3
334,A2UFD1I8ZO1V4G,0
7,ATQWZNGQCN1RA,0
380,A3NU1SQPI1NXY4,0
482,A2V3P1XE33NYC3,2
420,A2H321P1NSEW35,0
432,A2UFD1I8ZO1V4G,3
381,A2H321P1NSEW35,0
196,AD317NO9623GZ,1
390,A3NU1SQPI1NXY4,0
309,A2UFD1I8ZO1V4G,0
494,ATQWZNGQCN1RA,1
382,A1PAR1TMKFPKQE,0
396,AD317NO9623GZ,0
360,AKBP92VUQ7G3,0
560,AD317NO9623GZ,1
231,AM2W23THD4CI7,1
415,A2UFD1I8ZO1V4G,1
468,A3NU1SQPI1NXY4,3
314,AD317NO9623GZ,0
449,A53VNQRRFQ785,0
98,A3E157ZN8XPUKJ,1
542,ATQWZNGQCN1RA,1
412,A2UFD1I8ZO1V4G,3
18,AKBP92VUQ7G3,0
230,A3NU1SQPI1NXY4,1
368,A2AM6H3R1LSM9S,2
224,A2V3P1XE33NYC3,1
252,ATQWZNGQCN1RA,0
345,AKBP92VUQ7G3,0
464,A3NU1SQPI1NXY4,0
458,A3NU1SQPI1NXY4,3
399,ATQWZNGQCN1RA,0
105,AKBP92VUQ7G3,0
23,AD317NO9623GZ,1
491,AM2W23THD4CI7,3
37,AKBP92VUQ7G3,0
208,A2UFD1I8ZO1V4G,0
389,A3E157ZN8XPUKJ,3
295,ATQWZNGQCN1RA,0
91,ATQWZNGQCN1RA,3
497,A2UFD1I8ZO1V4G,0
72,A2V3P1XE33NYC3,2
150,A2V3P1XE33NYC3,1
187,A3E157ZN8XPUKJ,2
316,A3NU1SQPI1NXY4,2
11,A2UFD1I8ZO1V4G,0
33,A3E157ZN8XPUKJ,1
