question,worker,answer
392,AD317NO9623GZ,1
476,ATQWZNGQCN1RA,1
408,A2UFD1I8ZO1V4G,1
241,A3E157ZN8XPUKJ,1
318,AKBP92VUQ7G3,0
70,A2UFD1I8ZO1V4G,0
519,A2V3P1XE33NYC3,3
534,A3E157ZN8XPUKJ,2
538,A2UFD1I8ZO1V4G,1
13,AKBP92VUQ7G3,0
66,A2UFD1I8ZO1V4G,1
407,AKBP92VUQ7G3,2
324,A2H321P1NSEW35,0
188,A2V3P1XE33NYC3,1
208,ATQWZNGQCN1RA,0
81,A3NU1SQPI1NXY4,1
2,A3E157ZN8XPUKJ,3
163,A2V3P1XE33NYC3,3
306,ATQWZNGQCN1RA,0
287,A2V3P1XE33NYC3,1
66,AD317NO9623GZ,1
138,AM2W23THD4CI7,3
262,A2V3P1XE33NYC3,0
6,A2V3P1XE33NYC3,1
188,A3NU1SQPI1NXY4,1
175,A3NU1SQPI1NXY4,0
428,A1PAR1TMKFPKQE,0
260,A2UFD1I8ZO1V4G,2
293,A1BHMDRWW9ZYSO,0
472,A2V3P1XE33NYC3,2
549,AM2W23THD4CI7,3
531,AD317NO9623GZ,0
245,A3E157ZN8XPUKJ,1
544,A2UFD1I8ZO1V4G,2
466,AD317NO9623GZ,2
423,A2V3P1XE33NYC3,1
46,A3E157ZN8XPUKJ,1
222,A2UFD1I8ZO1V4G,1
519,AD317NO9623GZ,0
68,A2V3P1XE33NYC3,0
404,A2V3P1XE33NYC3,0
296,A3E157ZN8XPUKJ,0
262,AD317NO9623GZ,0
433,AKBP92VUQ7G3,0
391,A2UFD1I8ZO1V4G,2
303,AKBP92VUQ7G3,0
501,A2UFD1I8ZO1V4G,0
563,AKBP92VUQ7G3,0
233,AD317NO9623GZ,0
90,A2UFD1I8ZO1V4G,2
52,AD317NO9623GZ,1
183,ATQWZNGQCN1RA,0
84,A2H321P1NSEW35,0
566,A3NU1SQPI1NXY4,0
205,A1BHMDRWW9ZYSO,0
532,A1PAR1TMKFPKQE,0
284,A2UFD1I8ZO1V4G,0
298,A2V3P1XE33NYC3,1
191,A2UFD1I8ZO1V4G,2
52,A2BERTY629PZDT,1
280,A2UFD1I8ZO1V4G,1
422,A1VW9W0DWXCPYE,0
55,A2UFD1I8ZO1V4G,0
140,A2H321P1NSEW35,0
440,A2UFD1I8ZO1V4G,0
439,A1PAR1TMKFPKQE,0
35,AKBP92VUQ7G3,0
247,A3GLUDQZGEJL5G,0
574,A1PAR1TMKFPKQE,0
433,A2V3P1XE33NYC3,2
354,A1PAR1TMKFPKQE,0
284,A1PAR1TMKFPKQE,0
7,A3E157ZN8XPUKJ,0
67,A1BHMDRWW9ZYSO,0
382,A2UFD1I8ZO1V4G,0
354,AKBP92VUQ7G3,0
527,AKBP92VUQ7G3,1
555,AD317NO9623GZ,0
508,ATQWZNGQCN1RA,2
297,AKBP92VUQ7G3,0
510,A3NU1SQPI1NXY4,1
307,ATQWZNGQCN1RA,1
219,A1PAR1TMKFPKQE,0
115,A3NU1SQPI1NXY4,0
529,A3E157ZN8XPUKJ,1
261,ATQWZNGQCN1RA,2
294,A1PAR1TMKFPKQE,1
163,A2H321P1NSEW35,2
166,A3NU1SQPI1NXY4,0
392,A2V3P1XE33NYC3,1
425,A1BHMDRWW9ZYSO,0
524,A1C0Z73809FFDZ,0
315,A2V3P1XE33NYC3,0
32,A1PAR1TMKFPKQE,3
5,A3E157ZN8XPUKJ,1
205,A3E157ZN8XPUKJ,2
122,AKBP92VUQ7G3,1
142,A1PAR1TMKFPKQE,0
481,A2BERTY629PZDT,1
551,A2V3P1XE33NYC3,2
271,AD317NO9623GZ,0
218,A2H321P1NSEW35,0
133,A1BHMDRWW9ZYSO,3
470,A2V3P1XE33NYC3,1
373,A1KZOLS51I9SS7,1
34,A3E157ZN8XPUKJ,1
145,AD317NO9623GZ,2
390,AD317NO9623GZ,0
4,A2UFD1I8ZO1V4G,0
108,AKBP92VUQ7G3,0
93,A1PAR1TMKFPKQE,1
581,A2AM6H3R1LSM9S,1
3,AWRAXV1RIYR0M,0
12,A2H321P1NSEW35,0
182,A3E157ZN8XPUKJ,0
483,A2V3P1XE33NYC3,3
154,A3E157ZN8XPUKJ,2
304,A2AM6H3R1LSM9S,2
575,A1PAR1TMKFPKQE,0
319,A2V3P1XE33NYC3,3
151,A1PAR1TMKFPKQE,1
400,A2V3P1XE33NYC3,3
512,ATQWZNGQCN1RA,2
180,A3E157ZN8XPUKJ,0
552,A3NU1SQPI1NXY4,0
210,A2V3P1XE33NYC3,0
457,A3NU1SQPI1NXY4,1
578,A3NU1SQPI1NXY4,1
281,AKBP92VUQ7G3,0
541,A2UFD1I8ZO1V4G,2
479,A2V3P1XE33NYC3,3
295,A2UFD1I8ZO1V4G,0
163,A2UFD1I8ZO1V4G,2
249,AD317NO9623GZ,0
565,AWRAXV1RIYR0M,0
268,A2UFD1I8ZO1V4G,2
104,A2H321P1NSEW35,0
343,A2H321P1NSEW35,3
135,A1BHMDRWW9ZYSO,3
124,A1BHMDRWW9ZYSO,3
271,AKBP92VUQ7G3,0
174,AD317NO9623GZ,1
369,A3NU1SQPI1NXY4,0
247,A3E157ZN8XPUKJ,2
43,A3KAJ085J9OR0Z,0
474,A3NU1SQPI1NXY4,3
193,A1PAR1TMKFPKQE,0
99,A2V3P1XE33NYC3,2
4,ATQWZNGQCN1RA,1
541,ATQWZNGQCN1RA,2
86,A1VW9W0DWXCPYE,0
212,ATQWZNGQCN1RA,0
385,ATQWZNGQCN1RA,0
443,A3E157ZN8XPUKJ,1
357,AKBP92VUQ7G3,0
71,A1PAR1TMKFPKQE,1
101,AY5QPUSEADPBG,2
527,A1VW9W0DWXCPYE,1
83,A2H321P1NSEW35,0
436,A2H321P1NSEW35,0
240,A3E157ZN8XPUKJ,1
133,A2UFD1I8ZO1V4G,3
491,AD317NO9623GZ,3
509,ATQWZNGQCN1RA,1
277,AD317NO9623GZ,3
400,AD317NO9623GZ,0
320,A356EVHB3TU90R,1
158,A2UFD1I8ZO1V4G,0
582,AKBP92VUQ7G3,0
296,A1PAR1TMKFPKQE,3
154,AKBP92VUQ7G3,2
478,A2V3P1XE33NYC3,3
251,A2V3P1XE33NYC3,0
283,A2UFD1I8ZO1V4G,1
176,A2UFD1I8ZO1V4G,3
173,A1PAR1TMKFPKQE,3
328,ATQWZNGQCN1RA,2
36,AD317NO9623GZ,3
89,A3E157ZN8XPUKJ,2
239,AD317NO9623GZ,2
68,AKBP92VUQ7G3,0
412,A3E157ZN8XPUKJ,3
214,A3NU1SQPI1NXY4,0
548,A2UFD1I8ZO1V4G,0
171,A3KAJ085J9OR0Z,1
166,ATQWZNGQCN1RA,0
582,A2V3P1XE33NYC3,0
298,A3NU1SQPI1NXY4,1
463,AKBP92VUQ7G3,1
266,AD317NO9623GZ,0
15,A2V3P1XE33NYC3,0
134,A2V3P1XE33NYC3,0
419,AKBP92VUQ7G3,0
197,A1VW9W0DWXCPYE,3
428,A1BHMDRWW9ZYSO,0
268,AKBP92VUQ7G3,2
363,AKBP92VUQ7G3,0
375,ATQWZNGQCN1RA,2
406,A1VW9W0DWXCPYE,3
3,A3NU1SQPI1NXY4,2
242,A1BHMDRWW9ZYSO,0
544,AD317NO9623GZ,3
394,A2V3P1XE33NYC3,3
204,A1KZOLS51I9SS7,0
466,ATQWZNGQCN1RA,2
286,AD317NO9623GZ,0
219,AD317NO9623GZ,0
548,A2H321P1NSEW35,0
459,ATQWZNGQCN1RA,2
104,A1PAR1TMKFPKQE,0
160,A2UFD1I8ZO1V4G,3
240,A1PAR1TMKFPKQE,0
313,A2UFD1I8ZO1V4G,1
132,AD317NO9623GZ,1
487,AD317NO9623GZ,0
480,A2V3P1XE33NYC3,2
302,AM2W23THD4CI7,3
358,AD317NO9623GZ,1
452,AD317NO9623GZ,0
335,ATQWZNGQCN1RA,0
330,A2V3P1XE33NYC3,1
548,A3NU1SQPI1NXY4,2
549,AD317NO9623GZ,0
344,A2V3P1XE33NYC3,0
235,A3E157ZN8XPUKJ,1
66,A2V3P1XE33NYC3,1
577,A3NU1SQPI1NXY4,0
338,A1PAR1TMKFPKQE,1
283,ATQWZNGQCN1RA,1
244,ATQWZNGQCN1RA,0
451,AD317NO9623GZ,1
123,A2AM6H3R1LSM9S,2
473,A3NU1SQPI1NXY4,2
516,AD317NO9623GZ,0
104,A2UFD1I8ZO1V4G,2
41,AM2W23THD4CI7,3
536,A3E157ZN8XPUKJ,3
358,A2V3P1XE33NYC3,1
45,A2V3P1XE33NYC3,3
432,A2V3P1XE33NYC3,3
359,A2AM6H3R1LSM9S,3
102,AD317NO9623GZ,3
143,A2BERTY629PZDT,2
426,A1BHMDRWW9ZYSO,1
135,A2UFD1I8ZO1V4G,3
141,ATQWZNGQCN1RA,1
3,AD317NO9623GZ,0
342,A2UFD1I8ZO1V4G,1
368,A1PAR1TMKFPKQE,2
406,ATQWZNGQCN1RA,3
29,AKBP92VUQ7G3,2
222,AD317NO9623GZ,0
201,A2V3P1XE33NYC3,1
53,A2UFD1I8ZO1V4G,0
457,AKBP92VUQ7G3,1
74,A2UFD1I8ZO1V4G,0
533,A1PAR1TMKFPKQE,3
74,A1BHMDRWW9ZYSO,0
135,A3NU1SQPI1NXY4,1
94,ATQWZNGQCN1RA,3
535,ATQWZNGQCN1RA,1
349,AD317NO9623GZ,1
188,A3E157ZN8XPUKJ,1
334,A3E157ZN8XPUKJ,2
316,AKBP92VUQ7G3,0
267,AD317NO9623GZ,0
352,AD317NO9623GZ,0
2,AKBP92VUQ7G3,0
174,A2V3P1XE33NYC3,1
194,AD317NO9623GZ,1
334,AKBP92VUQ7G3,0
520,A1PAR1TMKFPKQE,2
467,AKBP92VUQ7G3,1
271,ATQWZNGQCN1RA,0
209,AKBP92VUQ7G3,0
100,A2UFD1I8ZO1V4G,0
378,A2UFD1I8ZO1V4G,1
253,A3NU1SQPI1NXY4,3
40,A2UFD1I8ZO1V4G,0
338,A2V3P1XE33NYC3,0
141,A3NU1SQPI1NXY4,1
415,A1PAR1TMKFPKQE,1
507,A1BHMDRWW9ZYSO,3
431,A2H321P1NSEW35,0
331,AKBP92VUQ7G3,0
169,A2V3P1XE33NYC3,1
510,ATQWZNGQCN1RA,0
326,A1PAR1TMKFPKQE,1
200,A2V3P1XE33NYC3,1
486,ATQWZNGQCN1RA,0
349,AM2W23THD4CI7,1
44,AKBP92VUQ7G3,0
559,A3E157ZN8XPUKJ,0
419,A2H321P1NSEW35,2
375,A3NU1SQPI1NXY4,2
339,A36JZTUKQVV5S5,2
362,A2AM6H3R1LSM9S,0
393,A1VW9W0DWXCPYE,1
42,A3NU1SQPI1NXY4,1
485,A2V3P1XE33NYC3,1
440,AM2W23THD4CI7,1
427,A1BHMDRWW9ZYSO,0
69,A36JZTUKQVV5S5,0
63,A3E157ZN8XPUKJ,3
281,AD317NO9623GZ,3
94,A3NU1SQPI1NXY4,1
113,A2UFD1I8ZO1V4G,0
454,A1BHMDRWW9ZYSO,0
281,A3NU1SQPI1NXY4,3
281,A1PAR1TMKFPKQE,3
514,A3NU1SQPI1NXY4,0
166,AD317NO9623GZ,1
111,A2H321P1NSEW35,0
302,AKBP92VUQ7G3,0
487,A2V3P1XE33NYC3,1
393,A3E157ZN8XPUKJ,1
265,AD317NO9623GZ,1
430,A3E157ZN8XPUKJ,1
502,A1VW9W0DWXCPYE,1
584,A2UFD1I8ZO1V4G,1
152,A2V3P1XE33NYC3,3
232,ATQWZNGQCN1RA,1
323,A1BHMDRWW9ZYSO,0
399,A3E157ZN8XPUKJ,0
542,A3E157ZN8XPUKJ,1
75,AKBP92VUQ7G3,2
6,AD317NO9623GZ,0
413,A1PAR1TMKFPKQE,2
65,A1BHMDRWW9ZYSO,2
120,A2H321P1NSEW35,0
21,A2UFD1I8ZO1V4G,3
206,A2V3P1XE33NYC3,1
105,AD317NO9623GZ,3
68,AD317NO9623GZ,0
417,A1PAR1TMKFPKQE,3
16,ATQWZNGQCN1RA,0
352,A3E157ZN8XPUKJ,0
421,A1VW9W0DWXCPYE,0
434,AM2W23THD4CI7,0
60,AKBP92VUQ7G3,0
348,A2V3P1XE33NYC3,1
313,AKBP92VUQ7G3,1
101,A2H321P1NSEW35,0
165,A3NU1SQPI1NXY4,0
459,A1PAR1TMKFPKQE,2
486,AKBP92VUQ7G3,0
257,AD317NO9623GZ,1
457,A1VW9W0DWXCPYE,1
86,ATQWZNGQCN1RA,0
132,A2V3P1XE33NYC3,1
493,A53VNQRRFQ785,0
19,A1PAR1TMKFPKQE,2
555,A3NU1SQPI1NXY4,3
37,A2AM6H3R1LSM9S,0
53,AKBP92VUQ7G3,0
570,AD317NO9623GZ,1
276,A2UFD1I8ZO1V4G,1
562,A3NU1SQPI1NXY4,0
53,AD317NO9623GZ,1
429,A2V3P1XE33NYC3,2
486,AORFXVSW8DDHP,1
360,A2UFD1I8ZO1V4G,0
274,A2V3P1XE33NYC3,3
311,A2V3P1XE33NYC3,1
321,ATQWZNGQCN1RA,1
121,A3NU1SQPI1NXY4,0
125,A2UFD1I8ZO1V4G,1
329,A1C0Z73809FFDZ,0
360,AD317NO9623GZ,0
46,AD317NO9623GZ,0
160,A2AM6H3R1LSM9S,3
79,A1BHMDRWW9ZYSO,0
261,AKBP92VUQ7G3,0
549,A2V3P1XE33NYC3,2
261,A3E157ZN8XPUKJ,3
201,AKBP92VUQ7G3,1
538,A2H321P1NSEW35,1
404,A1PAR1TMKFPKQE,0
540,A2UFD1I8ZO1V4G,0
418,A2UFD1I8ZO1V4G,2
290,ATQWZNGQCN1RA,0
77,A3E157ZN8XPUKJ,2
180,A1VW9W0DWXCPYE,0
313,A1KAXCLAH6UVMS,1
192,A53VNQRRFQ785,1
447,A2UFD1I8ZO1V4G,3
73,AD317NO9623GZ,3
526,A3E157ZN8XPUKJ,1
2,A3NU1SQPI1NXY4,2
395,A3NU1SQPI1NXY4,0
33,AM2W23THD4CI7,0
39,AD317NO9623GZ,0
469,A3NU1SQPI1NXY4,1
403,AM2W23THD4CI7,0
328,A3NU1SQPI1NXY4,3
369,A1PAR1TMKFPKQE,0
68,A3NU1SQPI1NXY4,0
479,AM2W23THD4CI7,2
290,AKBP92VUQ7G3,0
259,A53VNQRRFQ785,3
440,A2V3P1XE33NYC3,3
79,A3NU1SQPI1NXY4,1
582,A3NU1SQPI1NXY4,0
374,A1KZOLS51I9SS7,0
343,A2F0X4LN9N4O4C,1
260,AKBP92VUQ7G3,2
540,AKBP92VUQ7G3,0
548,AD317NO9623GZ,0
98,AKBP92VUQ7G3,1
367,A1PAR1TMKFPKQE,0
322,A2H321P1NSEW35,1
57,A3NU1SQPI1NXY4,1
565,A3NU1SQPI1NXY4,0
388,A2V3P1XE33NYC3,1
573,A2UFD1I8ZO1V4G,2
5,A3NU1SQPI1NXY4,1
256,A3E157ZN8XPUKJ,3
171,AKBP92VUQ7G3,0
12,A3NU1SQPI1NXY4,0
198,A3NU1SQPI1NXY4,0
76,A1BHMDRWW9ZYSO,1
505,A3NU1SQPI1NXY4,0
246,A3NU1SQPI1NXY4,2
35,A3E157ZN8XPUKJ,1
491,AKBP92VUQ7G3,0
113,A3NU1SQPI1NXY4,0
386,A2H321P1NSEW35,3
174,AKBP92VUQ7G3,1
436,AKBP92VUQ7G3,0
41,A2UFD1I8ZO1V4G,2
337,A1PAR1TMKFPKQE,1
361,A1KZOLS51I9SS7,2
498,A2UFD1I8ZO1V4G,0
95,AKBP92VUQ7G3,0
157,A1PAR1TMKFPKQE,0
144,A1PAR1TMKFPKQE,1
225,ATQWZNGQCN1RA,3
481,A3GLUDQZGEJL5G,1
104,A3NU1SQPI1NXY4,3
124,A3NU1SQPI1NXY4,3
161,A2H321P1NSEW35,0
402,A1PAR1TMKFPKQE,0
272,A2V3P1XE33NYC3,2
209,A3NU1SQPI1NXY4,0
540,A2F0X4LN9N4O4C,0
133,AKBP92VUQ7G3,0
72,ATQWZNGQCN1RA,0
517,A2UFD1I8ZO1V4G,3
330,A1KZOLS51I9SS7,1
17,A3NU1SQPI1NXY4,2
317,A2H321P1NSEW35,0
361,A2AM6H3R1LSM9S,3
96,AD317NO9623GZ,2
58,A2V3P1XE33NYC3,3
93,A2UFD1I8ZO1V4G,1
270,A2UFD1I8ZO1V4G,2
537,A2H321P1NSEW35,0
257,A2UFD1I8ZO1V4G,1
27,A2UFD1I8ZO1V4G,2
412,AM2W23THD4CI7,3
38,AD317NO9623GZ,1
437,ATQWZNGQCN1RA,0
299,A2AM6H3R1LSM9S,2
54,AKBP92VUQ7G3,0
193,A2UFD1I8ZO1V4G,0
272,A1BHMDRWW9ZYSO,0
48,A2UFD1I8ZO1V4G,2
506,A1BHMDRWW9ZYSO,3
92,A3E157ZN8XPUKJ,1
535,A1PAR1TMKFPKQE,1
334,A2H321P1NSEW35,0
25,A2UFD1I8ZO1V4G,1
187,AKBP92VUQ7G3,0
393,AKBP92VUQ7G3,0
567,AWRAXV1RIYR0M,0
107,A3NU1SQPI1NXY4,1
243,AD317NO9623GZ,0
509,A36JZTUKQVV5S5,1
327,AD317NO9623GZ,2
308,A2V3P1XE33NYC3,3
438,AD317NO9623GZ,0
491,A2V3P1XE33NYC3,3
171,A2V3P1XE33NYC3,0
349,A3E157ZN8XPUKJ,1
105,A2H321P1NSEW35,0
443,A1BHMDRWW9ZYSO,1
525,A3GLUDQZGEJL5G,0
52,A2UFD1I8ZO1V4G,3
110,AD317NO9623GZ,1
581,AKBP92VUQ7G3,2
50,A2UFD1I8ZO1V4G,0
206,A3NU1SQPI1NXY4,1
76,ATQWZNGQCN1RA,1
573,AKBP92VUQ7G3,0
207,ATQWZNGQCN1RA,0
339,A2V3P1XE33NYC3,2
393,ATQWZNGQCN1RA,1
61,AD317NO9623GZ,3
557,A1PAR1TMKFPKQE,0
395,A3E157ZN8XPUKJ,0
359,AKBP92VUQ7G3,1
573,A2V3P1XE33NYC3,0
484,A3GLUDQZGEJL5G,0
574,A2V3P1XE33NYC3,0
94,A2V3P1XE33NYC3,3
537,AWRAXV1RIYR0M,3
210,A1PAR1TMKFPKQE,0
241,AD317NO9623GZ,1
128,AKBP92VUQ7G3,0
62,ATQWZNGQCN1RA,1
546,A3NU1SQPI1NXY4,1
9,A3NU1SQPI1NXY4,1
495,A2V3P1XE33NYC3,1
197,AWRAXV1RIYR0M,3
487,AORFXVSW8DDHP,0
517,A3NU1SQPI1NXY4,2
517,AD317NO9623GZ,3
283,A1PAR1TMKFPKQE,1
207,AKBP92VUQ7G3,0
533,AM2W23THD4CI7,3
56,A2V3P1XE33NYC3,3
502,A2UFD1I8ZO1V4G,1
73,A3NU1SQPI1NXY4,3
76,AKBP92VUQ7G3,1
355,A2UFD1I8ZO1V4G,0
492,A3NU1SQPI1NXY4,1
400,A1PAR1TMKFPKQE,0
312,AKBP92VUQ7G3,0
362,A1KZOLS51I9SS7,1
32,AKBP92VUQ7G3,3
192,AD317NO9623GZ,1
116,AD317NO9623GZ,2
416,AKBP92VUQ7G3,0
85,A3NU1SQPI1NXY4,1
64,ATQWZNGQCN1RA,0
247,AD317NO9623GZ,2
439,A3NU1SQPI1NXY4,0
434,A2H321P1NSEW35,0
66,A3NU1SQPI1NXY4,1
81,A2V3P1XE33NYC3,1
128,A2H321P1NSEW35,0
456,A2V3P1XE33NYC3,0
534,A2V3P1XE33NYC3,3
117,A2H321P1NSEW35,0
379,A3E157ZN8XPUKJ,1
565,A1PAR1TMKFPKQE,0
106,A2H321P1NSEW35,1
416,A3NU1SQPI1NXY4,0
325,A1C0Z73809FFDZ,0
215,A1VW9W0DWXCPYE,0
169,A1C0Z73809FFDZ,1
529,A2UFD1I8ZO1V4G,1
582,ATQWZNGQCN1RA,0
417,AKBP92VUQ7G3,0
352,A3NU1SQPI1NXY4,1
136,AWRAXV1RIYR0M,1
249,AKBP92VUQ7G3,0
512,A2V3P1XE33NYC3,2
553,AD317NO9623GZ,0
330,AD317NO9623GZ,1
169,A2UFD1I8ZO1V4G,1
44,A2V3P1XE33NYC3,3
109,A2H321P1NSEW35,2
505,A1PAR1TMKFPKQE,0
148,A2H321P1NSEW35,0
26,A2V3P1XE33NYC3,3
301,AKBP92VUQ7G3,1
560,A3E157ZN8XPUKJ,1
46,A3NU1SQPI1NXY4,0
34,ATQWZNGQCN1RA,0
303,A3E157ZN8XPUKJ,0
122,A2V3P1XE33NYC3,1
568,A2UFD1I8ZO1V4G,0
83,A2BERTY629PZDT,2
281,A2UFD1I8ZO1V4G,0
334,ATQWZNGQCN1RA,0
233,A2H321P1NSEW35,0
285,A2AM6H3R1LSM9S,2
262,A2H321P1NSEW35,0
127,A3NU1SQPI1NXY4,2
284,A2V3P1XE33NYC3,3
369,AD317NO9623GZ,2
