question,worker,answer
392,AD317NO9623GZ,1
476,ATQWZNGQCN1RA,1
408,A2UFD1I8ZO1V4G,1
241,A3E157ZN8XPUKJ,1
318,AKBP92VUQ7G3,0
70,A2UFD1I8ZO1V4G,0
519,A2V3P1XE33NYC3,3
534,A3E157ZN8XPUKJ,2
538,A2UFD1I8ZO1V4G,1
13,AKBP92VUQ7G3,0
66,A2UFD1I8ZO1V4G,1
407,AKBP92VUQ7G3,2
324,A2H321P1NSEW35,0
188,A2V3P1XE33NYC3,1
208,ATQWZNGQCN1RA,0
81,A3NU1SQPI1NXY4,1
2,A3E157ZN8XPUKJ,3
163,A2V3P1XE33NYC3,3
306,ATQWZNGQCN1RA,0
287,A2V3P1XE33NYC3,1
66,AD317NO9623GZ,1
138,AM2W23THD4CI7,3
262,A2V3P1XE33NYC3,0
6,A2V3P1XE33NYC3,1
188,A3NU1SQPI1NXY4,1
175,A3NU1SQPI1NXY4,0
428,A1PAR1TMKFPKQE,0
260,A2UFD1I8ZO1V4G,2
293,A1BHMDRWW9ZYSO,0
472,A2V3P1XE33NYC3,2
549,AM2W23THD4CI7,3
531,AD317NO9623GZ,0
245,A3E157ZN8XPUKJ,1
544,A2UFD1I8ZO1V4G,2
466,AD317NO9623GZ,2
423,A2V3P1XE33NYC3,1
46,A3E157ZN8XPUKJ,1
222,A2UFD1I8ZO1V4G,1
519,AD317NO9623GZ,0
68,A2V3P1XE33NYC3,0
404,A2V3P1XE33NYC3,0
296,A3E157ZN8XPUKJ,0
262,AD317NO9623GZ,0
433,AKBP92VUQ7G3,0
391,A2UFD1I8ZO1V4G,2
303,AKBP92VUQ7G3,0
501,A2UFD1I8ZO1V4G,0
563,AKBP92VUQ7G3,0
233,AD317NO9623GZ,0
90,A2UFD1I8ZO1V4G,2
52,AD317NO9623GZ,1
183,ATQWZNGQCN1RA,0
84,A2H321P1NSEW35,0
566,A3NU1SQPI1NXY4,0
205,A1BHMDRWW9ZYSO,0
532,A1PAR1TMKFPKQE,0
284,A2UFD1I8ZO1V4G,0
298,A2V3P1XE33NYC3,1
191,A2UFD1I8ZO1V4G,2
52,A2BERTY629PZDT,1
280,A2UFD1I8ZO1V4G,1
422,A1VW9W0DWXCPYE,0
55,A2UFD1I8ZO1V4G,0
140,A2H321P1NSEW35,0
440,A2UFD1I8ZO1V4G,0
439,A1PAR1TMKFPKQE,0
35,AKBP92VUQ7G3,0
247,A3GLUDQZGEJL5G,0
574,A1PAR1TMKFPKQE,0
433,A2V3P1XE33NYC3,2
354,A1PAR1TMKFPKQE,0
284,A1PAR1TMKFPKQE,0
7,A3E157ZN8XPUKJ,0
67,A1BHMDRWW9ZYSO,0
382,A2UFD1I8ZO1V4G,0
354,AKBP92VUQ7G3,0
527,AKBP92VUQ7G3,1
555,AD317NO9623GZ,0
508,ATQWZNGQCN1RA,2
297,AKBP92VUQ7G3,0
510,A3NU1SQPI1NXY4,1
307,ATQWZNGQCN1RA,1
219,A1PAR1TMKFPKQE,0
115,A3NU1SQPI1NXY4,0
529,A3E157ZN8XPUKJ,1
261,ATQWZNGQCN1RA,2
294,A1PAR1TMKFPKQE,1
163,A2H321P1NSEW35,2
166,A3NU1SQPI1NXY4,0
392,A2V3P1XE33NYC3,1
425,A1BHMDRWW9ZYSO,0
524,A1C0Z73809FFDZ,0
315,A2V3P1XE33NYC3,0
32,A1PAR1TMKFPKQE,3
5,A3E157ZN8XPUKJ,1
205,A3E157ZN8XPUKJ,2
122,AKBP92VUQ7G3,1
142,A1PAR1TMKFPKQE,0
481,A2BERTY629PZDT,1
551,A2V3P1XE33NYC3,2
271,AD317NO9623GZ,0
218,A2H321P1NSEW35,0
133,A1BHMDRWW9ZYSO,3
470,A2V3P1XE33NYC3,1
373,A1KZOLS51I9SS7,1
34,A3E157ZN8XPUKJ,1
145,AD317NO9623GZ,2
390,AD317NO9623GZ,0
4,A2UFD1I8ZO1V4G,0
108,AKBP92VUQ7G3,0
93,A1PAR1TMKFPKQE,1
581,A2AM6H3R1LSM9S,1
3,AWRAXV1RIYR0M,0
12,A2H321P1NSEW35,0
182,A3E157ZN8XPUKJ,0
483,A2V3P1XE33NYC3,3
154,A3E157ZN8XPUKJ,2
304,A2AM6H3R1LSM9S,2
575,A1PAR1TMKFPKQE,0
319,A2V3P1XE33NYC3,3
151,A1PAR1TMKFPKQE,1
400,A2V3P1XE33NYC3,3
512,ATQWZNGQCN1RA,2
180,A3E157ZN8XPUKJ,0
552,A3NU1SQPI1NXY4,0
210,A2V3P1XE33NYC3,0
457,A3NU1SQPI1NXY4,1
578,A3NU1SQPI1NXY4,1
281,AKBP92VUQ7G3,0
541,A2UFD1I8ZO1V4G,2
479,A2V3P1XE33NYC3,3
295,A2UFD1I8ZO1V4G,0
163,A2UFD1I8ZO1V4G,2
249,AD317NO9623GZ,0
565,AWRAXV1RIYR0M,0
268,A2UFD1I8ZO1V4G,2
104,A2H321P1NSEW35,0
343,A2H321P1NSEW35,3
135,A1BHMDRWW9ZYSO,3
124,A1BHMDRWW9ZYSO,3
271,AKBP92VUQ7G3,0
174,AD317NO9623GZ,1
369,A3NU1SQPI1NXY4,0
247,A3E157ZN8XPUKJ,2
43,A3KAJ085J9OR0Z,0
474,A3NU1SQPI1NXY4,3
193,A1PAR1TMKFPKQE,0
99,A2V3P1XE33NYC3,2
4,ATQWZNGQCN1RA,1
541,ATQWZNGQCN1RA,2
86,A1VW9W0DWXCPYE,0
212,ATQWZNGQCN1RA,0
385,ATQWZNGQCN1RA,0
443,A3E157ZN8XPUKJ,1
357,AKBP92VUQ7G3,0
71,A1PAR1TMKFPKQE,1
101,AY5QPUSEADPBG,2
527,A1VW9W0DWXCPYE,1
83,A2H321P1NSEW35,0
436,A2H321P1NSEW35,0
240,A3E157ZN8XPUKJ,1
133,A2UFD1I8ZO1V4G,3
491,AD317NO9623GZ,3
509,ATQWZNGQCN1RA,1
277,AD317NO9623GZ,3
400,AD317NO9623GZ,0
320,A356EVHB3TU90R,1
158,A2UFD1I8ZO1V4G,0
582,AKBP92VUQ7G3,0
296,A1PAR1TMKFPKQE,3
154,AKBP92VUQ7G3,2
478,A2V3P1XE33NYC3,3
251,A2V3P1XE33NYC3,0
283,A2UFD1I8ZO1V4G,1
176,A2UFD1I8ZO1V4G,3
173,A1PAR1TMKFPKQE,3
328,ATQWZNGQCN1RA,2
36,AD317NO9623GZ,3
89,A3E157ZN8XPUKJ,2
239,AD317NO9623GZ,2
68,AKBP92VUQ7G3,0
412,A3E157ZN8XPUKJ,3
214,A3NU1SQPI1NXY4,0
548,A2UFD1I8ZO1V4G,0
171,A3KAJ085J9OR0Z,1
166,ATQWZNGQCN1RA,0
582,A2V3P1XE33NYC3,0
298,A3NU1SQPI1NXY4,1
463,AKBP92VUQ7G3,1
266,AD317NO9623GZ,0
15,A2V3P1XE33NYC3,0
134,A2V3P1XE33NYC3,0
419,AKBP92VUQ7G3,0
197,A1VW9W0DWXCPYE,3
428,A1BHMDRWW9ZYSO,0
268,AKBP92VUQ7G3,2
363,AKBP92VUQ7G3,0
375,ATQWZNGQCN1RA,2
406,A1VW9W0DWXCPYE,3
3,A3NU1SQPI1NXY4,2
242,A1BHMDRWW9ZYSO,0
544,AD317NO9623GZ,3
394,A2V3P1XE33NYC3,3
204,A1KZOLS51I9SS7,0
466,ATQWZNGQCN1RA,2
286,AD317NO9623GZ,0
219,AD317NO9623GZ,0
548,A2H321P1NSEW35,0
459,ATQWZNGQCN1RA,2
104,A1PAR1TMKFPKQE,0
160,A2UFD1I8ZO1V4G,3
240,A1PAR1TMKFPKQE,0
313,A2UFD1I8ZO1V4G,1
132,AD317NO9623GZ,1
487,AD317NO9623GZ,0
480,A2V3P1XE33NYC3,2
302,AM2W23THD4CI7,3
358,AD317NO9623GZ,1
452,AD317NO9623GZ,0
335,ATQWZNGQCN1RA,0
330,A2V3P1XE33NYC3,1
548,A3NU1SQPI1NXY4,2
549,AD317NO9623GZ,0
344,A2V3P1XE33NYC3,0
235,A3E157ZN8XPUKJ,1
66,A2V3P1XE33NYC3,1
577,A3NU1SQPI1NXY4,0
338,A1PAR1TMKFPKQE,1
283,ATQWZNGQCN1RA,1
244,ATQWZNGQCN1RA,0
451,AD317NO9623GZ,1
123,A2AM6H3R1LSM9S,2
473,A3NU1SQPI1NXY4,2
516,AD317NO9623GZ,0
104,A2UFD1I8ZO1V4G,2
41,AM2W23THD4CI7,3
536,A3E157ZN8XPUKJ,3
358,A2V3P1XE33NYC3,1
45,A2V3P1XE33NYC3,3
432,A2V3P1XE33NYC3,3
359,A2AM6H3R1LSM9S,3
102,AD317NO9623GZ,3
143,A2BERTY629PZDT,2
426,A1BHMDRWW9ZYSO,1
135,A2UFD1I8ZO1V4G,3
141,ATQWZNGQCN1RA,1
3,AD317NO9623GZ,0
342,A2UFD1I8ZO1V4G,1
368,A1PAR1TMKFPKQE,2
406,ATQWZNGQCN1RA,3
29,AKBP92VUQ7G3,2
222,AD317NO9623GZ,0
201,A2V3P1XE33NYC3,1
53,A2UFD1I8ZO1V4G,0
457,AKBP92VUQ7G3,1
74,A2UFD1I8ZO1V4G,0
533,A1PAR1TMKFPKQE,3
74,A1BHMDRWW9ZYSO,0
135,A3NU1SQPI1NXY4,1
94,ATQWZNGQCN1RA,3
535,ATQWZNGQCN1RA,1
349,AD317NO9623GZ,1
188,A3E157ZN8XPUKJ,1
334,A3E157ZN8XPUKJ,2
316,AKBP92VUQ7G3,0
267,AD317NO9623GZ,0
352,AD317NO9623GZ,0
2,AKBP92VUQ7G3,0
174,A2V3P1XE33NYC3,1
194,AD317NO9623GZ,1
334,AKBP92VUQ7G3,0
520,A1PAR1TMKFPKQE,2
467,AKBP92VUQ7G3,1
271,ATQWZNGQCN1RA,0
209,AKBP92VUQ7G3,0
100,A2UFD1I8ZO1V4G,0
378,A2UFD1I8ZO1V4G,1
253,A3NU1SQPI1NXY4,3
40,A2UFD1I8ZO1V4G,0
338,A2V3P1XE33NYC3,0
141,A3NU1SQPI1NXY4,1
415,A1PAR1TMKFPKQE,1
507,A1BHMDRWW9ZYSO,3
431,A2H321P1NSEW35,0
331,AKBP92VUQ7G3,0
169,A2V3P1XE33NYC3,1
510,ATQWZNGQCN1RA,0
326,A1PAR1TMKFPKQE,1
200,A2V3P1XE33NYC3,1
486,ATQWZNGQCN1RA,0
349,AM2W23THD4CI7,1
44,AKBP92VUQ7G3,0
559,A3E157ZN8XPUKJ,0
419,A2H321P1NSEW35,2
375,A3NU1SQPI1NXY4,2
339,A36JZTUKQVV5S5,2
362,A2AM6H3R1LSM9S,0
393,A1VW9W0DWXCPYE,1
42,A3NU1SQPI1NXY4,1
485,A2V3P1XE33NYC3,1
440,AM2W23THD4CI7,1
427,A1BHMDRWW9ZYSO,0
69,A36JZTUKQVV5S5,0
63,A3E157ZN8XPUKJ,3
281,AD317NO9623GZ,3
94,A3NU1SQPI1NXY4,1
113,A2UFD1I8ZO1V4G,0
454,A1BHMDRWW9ZYSO,0
281,A3NU1SQPI1NXY4,3
281,A1PAR1TMKFPKQE,3
514,A3NU1SQPI1NXY4,0
166,AD317NO9623GZ,1
111,A2H321P1NSEW35,0
302,AKBP92VUQ7G3,0
487,A2V3P1XE33NYC3,1
393,A3E157ZN8XPUKJ,1
265,AD317NO9623GZ,1
430,A3E157ZN8XPUKJ,1
502,A1VW9W0DWXCPYE,1
584,A2UFD1I8ZO1V4G,1
152,A2V3P1XE33NYC3,3
232,ATQWZNGQCN1RA,1
323,A1BHMDRWW9ZYSO,0
399,A3E157ZN8XPUKJ,0
542,A3E157ZN8XPUKJ,1
75,AKBP92VUQ7G3,2
6,AD317NO9623GZ,0
413,A1PAR1TMKFPKQE,2
65,A1BHMDRWW9ZYSO,2
120,A2H321P1NSEW35,0
21,A2UFD1I8ZO1V4G,3
206,A2V3P1XE33NYC3,1
105,AD317NO9623GZ,3
68,AD317NO9623GZ,0
417,A1PAR1TMKFPKQE,3
16,ATQWZNGQCN1RA,0
352,A3E157ZN8XPUKJ,0
421,A1VW9W0DWXCPYE,0
434,AM2W23THD4CI7,0
60,AKBP92VUQ7G3,0
348,A2V3P1XE33NYC3,1
313,AKBP92VUQ7G3,1
101,A2H321P1NSEW35,0
165,A3NU1SQPI1NXY4,0
459,A1PAR1TMKFPKQE,2
486,AKBP92VUQ7G3,0
257,AD317NO9623GZ,1
457,A1VW9W0DWXCPYE,1
86,ATQWZNGQCN1RA,0
132,A2V3P1XE33NYC3,1
493,A53VNQRRFQ785,0
19,A1PAR1TMKFPKQE,2
555,A3NU1SQPI1NXY4,3
37,A2AM6H3R1LSM9S,0
53,AKBP92VUQ7G3,0
570,AD317NO9623GZ,1
276,A2UFD1I8ZO1V4G,1
562,A3NU1SQPI1NXY4,0
53,AD317NO9623GZ,1
429,A2V3P1XE33NYC3,2
486,AORFXVSW8DDHP,1
360,A2UFD1I8ZO1V4G,0
274,A2V3P1XE33NYC3,3
311,A2V3P1XE33NYC3,1
321,ATQWZNGQCN1RA,1
121,A3NU1SQPI1NXY4,0
125,A2UFD1I8ZO1V4G,1
329,A1C0Z73809FFDZ,0
360,AD317NO9623GZ,0
46,AD317NO9623GZ,0
160,A2AM6H3R1LSM9S,3
79,A1BHMDRWW9ZYSO,0
261,AKBP92VUQ7G3,0
549,A2V3P1XE33NYC3,2
261,A3E157ZN8XPUKJ,3
201,AKBP92VUQ7G3,1
538,A2H321P1NSEW35,1
404,A1PAR1TMKFPKQE,0
540,A2UFD1I8ZO1V4G,0
418,A2UFD1I8ZO1V4G,2
290,ATQWZNGQCN1RA,0
77,A3E157ZN8XPUKJ,2
180,A1VW9W0DWXCPYE,0
313,A1KAXCLAH6UVMS,1
192,A53VNQRRFQ785,1
447,A2UFD1I8ZO1V4G,3
73,AD317NO9623GZ,3
526,A3E157ZN8XPUKJ,1
2,A3NU1SQPI1NXY4,2
395,A3NU1SQPI1NXY4,0
33,AM2W23THD4CI7,0
39,AD317NO9623GZ,0
469,A3NU1SQPI1NXY4,1
403,AM2W23THD4CI7,0
328,A3NU1SQPI1NXY4,3
369,A1PAR1TMKFPKQE,0
68,A3NU1SQPI1NXY4,0
479,AM2W23THD4CI7,2
290,AKBP92VUQ7G3,0
259,A53VNQRRFQ785,3
440,A2V3P1XE33NYC3,3
79,A3NU1SQPI1NXY4,1
582,A3NU1SQPI1NXY4,0
374,A1KZOLS51I9SS7,0
343,A2F0X4LN9N4O4C,1
260,AKBP92VUQ7G3,2
540,AKBP92VUQ7G3,0
548,AD317NO9623GZ,0
98,AKBP92VUQ7G3,1
367,A1PAR1TMKFPKQE,0
322,A2H321P1NSEW35,1
57,A3NU1SQPI1NXY4,1
565,A3NU1SQPI1NXY4,0
388,A2V3P1XE33NYC3,1
573,A2UFD1I8ZO1V4G,2
5,A3NU1SQPI1NXY4,1
256,A3E157ZN8XPUKJ,3
171,AKBP92VUQ7G3,0
12,A3NU1SQPI1NXY4,0
198,A3NU1SQPI1NXY4,0
76,A1BHMDRWW9ZYSO,1
505,A3NU1SQPI1NXY4,0
246,A3NU1SQPI1NXY4,2
35,A3E157ZN8XPUKJ,1
491,AKBP92VUQ7G3,0
113,A3NU1SQPI1NXY4,0
386,A2H321P1NSEW35,3
174,AKBP92VUQ7G3,1
436,AKBP92VUQ7G3,0
41,A2UFD1I8ZO1V4G,2
337,A1PAR1TMKFPKQE,1
361,A1KZOLS51I9SS7,2
498,A2UFD1I8ZO1V4G,0
95,AKBP92VUQ7G3,0
157,A1PAR1TMKFPKQE,0
144,A1PAR1TMKFPKQE,1
225,ATQWZNGQCN1RA,3
481,A3GLUDQZGEJL5G,1
104,A3NU1SQPI1NXY4,3
124,A3NU1SQPI1NXY4,3
161,A2H321P1NSEW35,0
402,A1PAR1TMKFPKQE,0
272,A2V3P1XE33NYC3,2
209,A3NU1SQPI1NXY4,0
540,A2F0X4LN9N4O4C,0
133,AKBP92VUQ7G3,0
72,ATQWZNGQCN1RA,0
517,A2UFD1I8ZO1V4G,3
330,A1KZOLS51I9SS7,1
17,A3NU1SQPI1NXY4,2
317,A2H321P1NSEW35,0
361,A2AM6H3R1LSM9S,3
96,AD317NO9623GZ,2
58,A2V3P1XE33NYC3,3
93,A2UFD1I8ZO1V4G,1
270,A2UFD1I8ZO1V4G,2
537,A2H321P1NSEW35,0
257,A2UFD1I8ZO1V4G,1
27,A2UFD1I8ZO1V4G,2
412,AM2W23THD4CI7,3
38,AD317NO9623GZ,1
437,ATQWZNGQCN1RA,0
299,A2AM6H3R1LSM9S,2
54,AKBP92VUQ7G3,0
193,A2UFD1I8ZO1V4G,0
272,A1BHMDRWW9ZYSO,0
48,A2UFD1I8ZO1V4G,2
506,A1BHMDRWW9ZYSO,3
92,A3E157ZN8XPUKJ,1
535,A1PAR1TMKFPKQE,1
334,A2H321P1NSEW35,0
25,A2UFD1I8ZO1V4G,1
187,AKBP92VUQ7G3,0
393,AKBP92VUQ7G3,0
567,AWRAXV1RIYR0M,0
107,A3NU1SQPI1NXY4,1
243,AD317NO9623GZ,0
509,A36JZTUKQVV5S5,1
327,AD317NO9623GZ,2
308,A2V3P1XE33NYC3,3
438,AD317NO9623GZ,0
491,A2V3P1XE33NYC3,3
171,A2V3P1XE33NYC3,0
349,A3E157ZN8XPUKJ,1
105,A2H321P1NSEW35,0
443,A1BHMDRWW9ZYSO,1
525,A3GLUDQZGEJL5G,0
52,A2UFD1I8ZO1V4G,3
110,AD317NO9623GZ,1
581,AKBP92VUQ7G3,2
50,A2UFD1I8ZO1V4G,0
206,A3NU1SQPI1NXY4,1
76,ATQWZNGQCN1RA,1
573,AKBP92VUQ7G3,0
207,ATQWZNGQCN1RA,0
339,A2V3P1XE33NYC3,2
393,ATQWZNGQCN1RA,1
61,AD317NO9623GZ,3
557,A1PAR1TMKFPKQE,0
395,A3E157ZN8XPUKJ,0
359,AKBP92VUQ7G3,1
573,A2V3P1XE33NYC3,0
484,A3GLUDQZGEJL5G,0
574,A2V3P1XE33NYC3,0
94,A2V3P1XE33NYC3,3
537,AWRAXV1RIYR0M,3
210,A1PAR1TMKFPKQE,0
241,AD317NO9623GZ,1
128,AKBP92VUQ7G3,0
62,ATQWZNGQCN1RA,1
546,A3NU1SQPI1NXY4,1
9,A3NU1SQPI1NXY4,1
495,A2V3P1XE33NYC3,1
197,AWRAXV1RIYR0M,3
487,AORFXVSW8DDHP,0
517,A3NU1SQPI1NXY4,2
517,AD317NO9623GZ,3
283,A1PAR1TMKFPKQE,1
207,AKBP92VUQ7G3,0
533,AM2W23THD4CI7,3
56,A2V3P1XE33NYC3,3
502,A2UFD1I8ZO1V4G,1
73,A3NU1SQPI1NXY4,3
76,AKBP92VUQ7G3,1
355,A2UFD1I8ZO1V4G,0
492,A3NU1SQPI1NXY4,1
400,A1PAR1TMKFPKQE,0
312,AKBP92VUQ7G3,0
362,A1KZOLS51I9SS7,1
32,AKBP92VUQ7G3,3
192,AD317NO9623GZ,1
116,AD317NO9623GZ,2
416,AKBP92VUQ7G3,0
85,A3NU1SQPI1NXY4,1
64,ATQWZNGQCN1RA,0
247,AD317NO9623GZ,2
439,A3NU1SQPI1NXY4,0
434,A2H321P1NSEW35,0
66,A3NU1SQPI1NXY4,1
81,A2V3P1XE33NYC3,1
128,A2H321P1NSEW35,0
456,A2V3P1XE33NYC3,0
534,A2V3P1XE33NYC3,3
117,A2H321P1NSEW35,0
379,A3E157ZN8XPUKJ,1
565,A1PAR1TMKFPKQE,0
106,A2H321P1NSEW35,1
416,A3NU1SQPI1NXY4,0
325,A1C0Z73809FFDZ,0
215,A1VW9W0DWXCPYE,0
169,A1C0Z73809FFDZ,1
529,A2UFD1I8ZO1V4G,1
582,ATQWZNGQCN1RA,0
417,AKBP92VUQ7G3,0
352,A3NU1SQPI1NXY4,1
136,AWRAXV1RIYR0M,1
249,AKBP92VUQ7G3,0
512,A2V3P1XE33NYC3,2
553,AD317NO9623GZ,0
330,AD317NO9623GZ,1
169,A2UFD1I8ZO1V4G,1
44,A2V3P1XE33NYC3,3
109,A2H321P1NSEW35,2
505,A1PAR1TMKFPKQE,0
148,A2H321P1NSEW35,0
26,A2V3P1XE33NYC3,3
301,AKBP92VUQ7G3,1
560,A3E157ZN8XPUKJ,1
46,A3NU1SQPI1NXY4,0
34,ATQWZNGQCN1RA,0
303,A3E157ZN8XPUKJ,0
122,A2V3P1XE33NYC3,1
568,A2UFD1I8ZO1V4G,0
83,A2BERTY629PZDT,2
281,A2UFD1I8ZO1V4G,0
334,ATQWZNGQCN1RA,0
233,A2H321P1NSEW35,0
285,A2AM6H3R1LSM9S,2
262,A2H321P1NSEW35,0
127,A3NU1SQPI1NXY4,2
284,A2V3P1XE33NYC3,3
369,AD317NO9623GZ,2
583,A3NU1SQPI1NXY4,2
476,A1C0Z73809FFDZ,1
336,A3NU1SQPI1NXY4,2
13,A3NU1SQPI1NXY4,0
502,AD317NO9623GZ,1
369,ATQWZNGQCN1RA,0
296,AD317NO9623GZ,0
203,A2V3P1XE33NYC3,2
547,A2UFD1I8ZO1V4G,0
325,A2UFD1I8ZO1V4G,3
489,A3E157ZN8XPUKJ,0
28,AD317NO9623GZ,3
202,A3E157ZN8XPUKJ,2
445,A2UFD1I8ZO1V4G,3
372,AD317NO9623GZ,0
238,A1PAR1TMKFPKQE,3
558,AD317NO9623GZ,1
431,A2V3P1XE33NYC3,0
390,A2UFD1I8ZO1V4G,3
274,ATQWZNGQCN1RA,3
117,A3NU1SQPI1NXY4,2
410,A3NU1SQPI1NXY4,1
260,A3NU1SQPI1NXY4,2
521,A2V3P1XE33NYC3,0
177,ATQWZNGQCN1RA,1
390,A2V3P1XE33NYC3,0
359,AD317NO9623GZ,2
201,A1KZOLS51I9SS7,1
4,AWRAXV1RIYR0M,0
327,A2UFD1I8ZO1V4G,2
509,A1PAR1TMKFPKQE,1
118,AD317NO9623GZ,3
369,A2V3P1XE33NYC3,0
328,AD317NO9623GZ,2
202,A2V3P1XE33NYC3,0
406,A3NU1SQPI1NXY4,3
120,A2UFD1I8ZO1V4G,0
15,A2H321P1NSEW35,0
569,AM2W23THD4CI7,3
228,AD317NO9623GZ,0
353,AKBP92VUQ7G3,1
481,ATQWZNGQCN1RA,1
520,AKBP92VUQ7G3,2
225,A2UFD1I8ZO1V4G,2
418,A2H321P1NSEW35,0
80,A3NU1SQPI1NXY4,1
381,A3NU1SQPI1NXY4,2
103,A2V3P1XE33NYC3,0
521,A2UFD1I8ZO1V4G,2
129,ATQWZNGQCN1RA,1
102,ATQWZNGQCN1RA,0
147,A2H321P1NSEW35,0
187,A3NU1SQPI1NXY4,2
250,A2BERTY629PZDT,3
337,A1C0Z73809FFDZ,1
208,A1BHMDRWW9ZYSO,0
329,A2V3P1XE33NYC3,3
370,A1PAR1TMKFPKQE,0
363,A2AM6H3R1LSM9S,0
407,AD317NO9623GZ,2
52,AKBP92VUQ7G3,2
22,A3NU1SQPI1NXY4,0
578,A2V3P1XE33NYC3,1
522,A2H321P1NSEW35,0
440,A2AM6H3R1LSM9S,3
420,A3NU1SQPI1NXY4,0
514,A1BHMDRWW9ZYSO,0
252,A2V3P1XE33NYC3,1
122,A3NU1SQPI1NXY4,1
63,A3NU1SQPI1NXY4,0
150,AKBP92VUQ7G3,1
202,AD317NO9623GZ,0
385,A2UFD1I8ZO1V4G,1
532,AD317NO9623GZ,0
362,A2V3P1XE33NYC3,1
381,A1PAR1TMKFPKQE,3
279,ATQWZNGQCN1RA,2
449,A2UFD1I8ZO1V4G,2
447,AKBP92VUQ7G3,0
354,A1BHMDRWW9ZYSO,0
302,A2UFD1I8ZO1V4G,2
534,A2UFD1I8ZO1V4G,3
280,ATQWZNGQCN1RA,1
127,A2H321P1NSEW35,0
372,AKBP92VUQ7G3,1
298,A2UFD1I8ZO1V4G,1
229,A3E157ZN8XPUKJ,3
19,ATQWZNGQCN1RA,0
407,A2UFD1I8ZO1V4G,2
28,A3E157ZN8XPUKJ,3
473,A3E157ZN8XPUKJ,3
298,A2AM6H3R1LSM9S,1
222,A3NU1SQPI1NXY4,1
499,AKBP92VUQ7G3,0
569,A2V3P1XE33NYC3,3
373,ATQWZNGQCN1RA,1
152,AKBP92VUQ7G3,0
356,A3NU1SQPI1NXY4,2
480,A3NU1SQPI1NXY4,1
190,AD317NO9623GZ,1
205,AD317NO9623GZ,0
441,A1VW9W0DWXCPYE,1
153,A2H321P1NSEW35,3
353,AD317NO9623GZ,1
159,A3E157ZN8XPUKJ,0
521,A1C0Z73809FFDZ,0
542,AD317NO9623GZ,1
350,ATQWZNGQCN1RA,0
559,A3NU1SQPI1NXY4,1
484,A2UFD1I8ZO1V4G,0
407,A3NU1SQPI1NXY4,2
425,ATQWZNGQCN1RA,0
25,AKBP92VUQ7G3,1
511,AWRAXV1RIYR0M,0
294,A3NU1SQPI1NXY4,1
505,A1VW9W0DWXCPYE,0
355,A1BHMDRWW9ZYSO,0
10,A3NU1SQPI1NXY4,0
189,ATQWZNGQCN1RA,1
485,AKBP92VUQ7G3,1
12,A2UFD1I8ZO1V4G,0
104,ATQWZNGQCN1RA,1
181,AM2W23THD4CI7,0
59,A1PAR1TMKFPKQE,3
124,A2AM6H3R1LSM9S,3
1,ATQWZNGQCN1RA,0
418,AKBP92VUQ7G3,0
143,AKBP92VUQ7G3,0
234,A2V3P1XE33NYC3,2
330,A3E157ZN8XPUKJ,1
577,AD317NO9623GZ,0
478,AKBP92VUQ7G3,0
366,AKBP92VUQ7G3,3
408,A3NU1SQPI1NXY4,1
125,ATQWZNGQCN1RA,1
468,AM2W23THD4CI7,2
109,A1KZOLS51I9SS7,2
413,A3UX2FXA3NMJCS,0
58,ATQWZNGQCN1RA,2
79,A3E157ZN8XPUKJ,0
204,AKBP92VUQ7G3,0
573,ATQWZNGQCN1RA,0
281,ATQWZNGQCN1RA,0
404,AKBP92VUQ7G3,0
192,A3NU1SQPI1NXY4,1
217,ATQWZNGQCN1RA,0
567,A1BHMDRWW9ZYSO,0
327,A1C0Z73809FFDZ,3
547,A2H321P1NSEW35,0
545,AD317NO9623GZ,0
166,A2AM6H3R1LSM9S,1
570,A2V3P1XE33NYC3,1
442,A2V3P1XE33NYC3,2
458,A3E157ZN8XPUKJ,3
462,AKBP92VUQ7G3,0
27,A2H321P1NSEW35,2
79,AD317NO9623GZ,0
136,AKBP92VUQ7G3,1
272,AD317NO9623GZ,0
291,A2UFD1I8ZO1V4G,2
553,A2AM6H3R1LSM9S,0
230,A2V3P1XE33NYC3,0
551,ATQWZNGQCN1RA,0
237,AKBP92VUQ7G3,0
97,A2V3P1XE33NYC3,1
101,A1PAR1TMKFPKQE,3
494,A2V3P1XE33NYC3,1
165,AKBP92VUQ7G3,0
523,ATQWZNGQCN1RA,0
103,A1PAR1TMKFPKQE,3
48,A1PAR1TMKFPKQE,2
436,ATQWZNGQCN1RA,0
178,ATQWZNGQCN1RA,0
322,A2UFD1I8ZO1V4G,1
311,A1KZOLS51I9SS7,1
405,A2UFD1I8ZO1V4G,0
144,A2H321P1NSEW35,0
343,A2V3P1XE33NYC3,3
22,AKBP92VUQ7G3,0
212,AD317NO9623GZ,1
274,A3E157ZN8XPUKJ,3
539,A3NU1SQPI1NXY4,2
243,A3E157ZN8XPUKJ,3
146,A1BHMDRWW9ZYSO,1
371,A2UFD1I8ZO1V4G,3
99,AD317NO9623GZ,2
134,AKBP92VUQ7G3,0
285,A2UFD1I8ZO1V4G,2
110,A1KZOLS51I9SS7,1
114,A3NU1SQPI1NXY4,3
494,A3NU1SQPI1NXY4,1
293,A3E157ZN8XPUKJ,0
410,AKBP92VUQ7G3,1
416,A3UX2FXA3NMJCS,0
299,AKBP92VUQ7G3,2
197,A3NU1SQPI1NXY4,3
561,A1PAR1TMKFPKQE,1
10,A2H321P1NSEW35,0
194,A1BHMDRWW9ZYSO,2
17,A2UFD1I8ZO1V4G,2
236,A3NU1SQPI1NXY4,3
5,A2UFD1I8ZO1V4G,1
552,ATQWZNGQCN1RA,0
519,A1PAR1TMKFPKQE,3
325,AKBP92VUQ7G3,0
181,ATQWZNGQCN1RA,0
463,A2V3P1XE33NYC3,1
373,A2UFD1I8ZO1V4G,0
436,A2UFD1I8ZO1V4G,0
46,A2H321P1NSEW35,0
312,AD317NO9623GZ,0
223,ATQWZNGQCN1RA,3
220,A1PAR1TMKFPKQE,1
382,AD317NO9623GZ,0
280,A3NU1SQPI1NXY4,1
330,A3NU1SQPI1NXY4,1
432,ATQWZNGQCN1RA,0
302,A2AM6H3R1LSM9S,3
220,A3NU1SQPI1NXY4,1
335,A2V3P1XE33NYC3,3
288,A3NU1SQPI1NXY4,0
537,A3NU1SQPI1NXY4,2
546,ATQWZNGQCN1RA,1
552,AD317NO9623GZ,0
138,A3NU1SQPI1NXY4,3
387,A2UFD1I8ZO1V4G,2
325,A1PAR1TMKFPKQE,1
543,A3E157ZN8XPUKJ,0
225,A3NU1SQPI1NXY4,0
266,AKBP92VUQ7G3,0
458,A2UFD1I8ZO1V4G,2
173,A3E157ZN8XPUKJ,3
444,A1VW9W0DWXCPYE,0
444,A2UFD1I8ZO1V4G,0
475,A1C0Z73809FFDZ,0
221,A3GLUDQZGEJL5G,0
568,A3NU1SQPI1NXY4,0
161,ATQWZNGQCN1RA,0
399,A2BERTY629PZDT,3
379,A2V3P1XE33NYC3,0
130,A2UFD1I8ZO1V4G,1
157,A2V3P1XE33NYC3,1
363,A1KZOLS51I9SS7,0
92,AD317NO9623GZ,1
294,A2UFD1I8ZO1V4G,1
11,A2H321P1NSEW35,0
67,A1PAR1TMKFPKQE,0
210,A2UFD1I8ZO1V4G,2
373,AD317NO9623GZ,1
305,ATQWZNGQCN1RA,0
263,A1PAR1TMKFPKQE,0
495,A1PAR1TMKFPKQE,2
171,A1C0Z73809FFDZ,1
130,A3GLUDQZGEJL5G,2
123,A3E157ZN8XPUKJ,2
405,A3NU1SQPI1NXY4,0
310,AM2W23THD4CI7,0
465,AM2W23THD4CI7,1
429,A2BERTY629PZDT,2
517,A1PAR1TMKFPKQE,3
261,A2V3P1XE33NYC3,3
340,AKBP92VUQ7G3,1
449,A2H321P1NSEW35,0
156,A2H321P1NSEW35,1
290,AD317NO9623GZ,0
514,ATQWZNGQCN1RA,0
99,ATQWZNGQCN1RA,2
380,AM2W23THD4CI7,2
183,AM2W23THD4CI7,1
204,A3NU1SQPI1NXY4,0
99,A2UFD1I8ZO1V4G,2
107,A2UFD1I8ZO1V4G,0
121,ATQWZNGQCN1RA,0
207,AY5QPUSEADPBG,3
257,A2H321P1NSEW35,1
16,A2UFD1I8ZO1V4G,2
546,A3E157ZN8XPUKJ,0
362,ATQWZNGQCN1RA,0
475,A2V3P1XE33NYC3,0
167,AD317NO9623GZ,3
2,A2V3P1XE33NYC3,3
459,A1VW9W0DWXCPYE,2
121,A2AM6H3R1LSM9S,0
336,AKBP92VUQ7G3,0
147,ATQWZNGQCN1RA,0
285,A1C0Z73809FFDZ,0
512,A3NU1SQPI1NXY4,1
304,AD317NO9623GZ,0
536,A3NU1SQPI1NXY4,1
574,A3E157ZN8XPUKJ,0
554,A2AM6H3R1LSM9S,1
105,A1BHMDRWW9ZYSO,0
425,A2UFD1I8ZO1V4G,0
366,A2UFD1I8ZO1V4G,3
449,AKBP92VUQ7G3,0
176,AD317NO9623GZ,2
109,AKBP92VUQ7G3,2
452,A2V3P1XE33NYC3,3
79,A2UFD1I8ZO1V4G,0
520,A2UFD1I8ZO1V4G,2
123,A2UFD1I8ZO1V4G,2
229,AD317NO9623GZ,2
196,A2UFD1I8ZO1V4G,1
184,AM2W23THD4CI7,2
521,AD317NO9623GZ,0
481,A2H321P1NSEW35,1
346,ATQWZNGQCN1RA,0
553,A2V3P1XE33NYC3,3
323,A1PAR1TMKFPKQE,2
111,ATQWZNGQCN1RA,2
142,A2V3P1XE33NYC3,0
377,ATQWZNGQCN1RA,0
558,A2UFD1I8ZO1V4G,1
402,A2UFD1I8ZO1V4G,0
581,AD317NO9623GZ,1
184,A1PAR1TMKFPKQE,3
127,ATQWZNGQCN1RA,2
443,A2V3P1XE33NYC3,1
53,A3NU1SQPI1NXY4,1
520,AD317NO9623GZ,2
250,AKBP92VUQ7G3,0
49,A1PAR1TMKFPKQE,1
288,AKBP92VUQ7G3,0
243,AKBP92VUQ7G3,0
267,ATQWZNGQCN1RA,0
157,A3E157ZN8XPUKJ,0
557,A1BHMDRWW9ZYSO,0
418,ATQWZNGQCN1RA,0
184,A3NU1SQPI1NXY4,3
118,AKBP92VUQ7G3,0
273,A2H321P1NSEW35,0
60,ATQWZNGQCN1RA,0
460,A3E157ZN8XPUKJ,0
128,A2V3P1XE33NYC3,3
16,AKBP92VUQ7G3,0
287,A2UFD1I8ZO1V4G,1
326,A3NU1SQPI1NXY4,1
532,A2V3P1XE33NYC3,0
266,A1C0Z73809FFDZ,1
224,A2BERTY629PZDT,1
551,A2H321P1NSEW35,0
73,A2V3P1XE33NYC3,3
187,A2V3P1XE33NYC3,2
546,A2BERTY629PZDT,3
274,AM2W23THD4CI7,3
288,A2UFD1I8ZO1V4G,3
456,A1BHMDRWW9ZYSO,0
58,AD317NO9623GZ,2
458,A2V3P1XE33NYC3,3
524,ATQWZNGQCN1RA,0
328,A1KZOLS51I9SS7,0
170,A1C0Z73809FFDZ,1
246,A3GLUDQZGEJL5G,0
558,A2V3P1XE33NYC3,1
77,A3NU1SQPI1NXY4,2
19,A3NU1SQPI1NXY4,2
564,AD317NO9623GZ,0
109,A2UFD1I8ZO1V4G,2
131,A2UFD1I8ZO1V4G,0
209,A2V3P1XE33NYC3,2
469,A2UFD1I8ZO1V4G,0
132,ATQWZNGQCN1RA,1
121,A2V3P1XE33NYC3,3
67,A2UFD1I8ZO1V4G,3
195,A2V3P1XE33NYC3,1
293,ATQWZNGQCN1RA,0
319,ATQWZNGQCN1RA,0
373,AKBP92VUQ7G3,1
462,AD317NO9623GZ,3
495,A3NU1SQPI1NXY4,1
172,A3NU1SQPI1NXY4,0
466,AKBP92VUQ7G3,2
157,A2AM6H3R1LSM9S,1
547,AD317NO9623GZ,0
301,A2AM6H3R1LSM9S,1
322,AD317NO9623GZ,1
126,A2H321P1NSEW35,3
335,A3E157ZN8XPUKJ,2
540,AWRAXV1RIYR0M,1
328,A2UFD1I8ZO1V4G,2
398,A2BERTY629PZDT,1
196,A2V3P1XE33NYC3,1
391,AWRAXV1RIYR0M,2
225,AM2W23THD4CI7,0
286,A3NU1SQPI1NXY4,0
562,AD317NO9623GZ,0
105,A2V3P1XE33NYC3,3
218,A2V3P1XE33NYC3,0
141,A1PAR1TMKFPKQE,1
381,AKBP92VUQ7G3,0
232,A2AM6H3R1LSM9S,1
60,A2AM6H3R1LSM9S,0
273,AKBP92VUQ7G3,0
226,AKBP92VUQ7G3,1
373,A3NU1SQPI1NXY4,1
27,AKBP92VUQ7G3,2
40,A1PAR1TMKFPKQE,3
267,AKBP92VUQ7G3,2
178,A2V3P1XE33NYC3,2
108,A1PAR1TMKFPKQE,0
499,A2UFD1I8ZO1V4G,1
64,A3E157ZN8XPUKJ,0
41,A3KAJ085J9OR0Z,2
366,ATQWZNGQCN1RA,3
255,A1PAR1TMKFPKQE,0
235,A2UFD1I8ZO1V4G,1
155,A3E157ZN8XPUKJ,0
461,A3NU1SQPI1NXY4,0
190,A2V3P1XE33NYC3,1
460,ATQWZNGQCN1RA,0
534,AM2W23THD4CI7,0
544,A3NU1SQPI1NXY4,2
196,A2H321P1NSEW35,1
24,A2UFD1I8ZO1V4G,2
441,ATQWZNGQCN1RA,1
78,A2UFD1I8ZO1V4G,3
471,AD317NO9623GZ,2
511,AD317NO9623GZ,0
169,A3NU1SQPI1NXY4,1
306,A3NU1SQPI1NXY4,3
71,A3NU1SQPI1NXY4,1
140,A3E157ZN8XPUKJ,3
297,A1PAR1TMKFPKQE,3
308,AKBP92VUQ7G3,0
210,AKBP92VUQ7G3,0
182,A2V3P1XE33NYC3,0
153,ATQWZNGQCN1RA,3
167,A3E157ZN8XPUKJ,3
474,AD317NO9623GZ,0
211,A1PAR1TMKFPKQE,3
112,AKBP92VUQ7G3,1
38,A2UFD1I8ZO1V4G,1
457,AD317NO9623GZ,1
434,AKBP92VUQ7G3,0
426,A2UFD1I8ZO1V4G,1
513,A2V3P1XE33NYC3,3
264,AKBP92VUQ7G3,1
380,A2AM6H3R1LSM9S,3
488,AKBP92VUQ7G3,0
60,A2UFD1I8ZO1V4G,0
285,AD317NO9623GZ,0
20,A2H321P1NSEW35,0
173,A2V3P1XE33NYC3,3
406,A2V3P1XE33NYC3,3
98,A1PAR1TMKFPKQE,1
32,A2V3P1XE33NYC3,3
10,ATQWZNGQCN1RA,0
540,A3NU1SQPI1NXY4,1
176,AKBP92VUQ7G3,2
341,A2H321P1NSEW35,0
112,A2UFD1I8ZO1V4G,1
365,A2V3P1XE33NYC3,1
183,AKBP92VUQ7G3,0
548,A2V3P1XE33NYC3,3
532,A3E157ZN8XPUKJ,0
57,AD317NO9623GZ,0
207,A1BHMDRWW9ZYSO,3
241,A2AM6H3R1LSM9S,1
107,ATQWZNGQCN1RA,0
378,AKBP92VUQ7G3,1
201,A3E157ZN8XPUKJ,1
555,A3E157ZN8XPUKJ,2
583,A2UFD1I8ZO1V4G,2
545,A2H321P1NSEW35,0
58,A1PAR1TMKFPKQE,2
568,AD317NO9623GZ,0
538,ATQWZNGQCN1RA,1
62,A1PAR1TMKFPKQE,1
385,A2V3P1XE33NYC3,0
446,A1PAR1TMKFPKQE,0
74,A2V3P1XE33NYC3,0
516,A2UFD1I8ZO1V4G,0
546,AD317NO9623GZ,0
163,ATQWZNGQCN1RA,2
493,A1VW9W0DWXCPYE,3
71,A2UFD1I8ZO1V4G,1
121,A3E157ZN8XPUKJ,0
549,A3NU1SQPI1NXY4,0
571,AKBP92VUQ7G3,0
89,A2H321P1NSEW35,0
505,AD317NO9623GZ,0
389,A2UFD1I8ZO1V4G,0
406,A2H321P1NSEW35,3
60,AD317NO9623GZ,0
275,A3E157ZN8XPUKJ,3
228,A3E157ZN8XPUKJ,1
352,AKBP92VUQ7G3,0
65,A2UFD1I8ZO1V4G,3
133,A3E157ZN8XPUKJ,1
350,A3NU1SQPI1NXY4,1
101,AKBP92VUQ7G3,0
360,A3E157ZN8XPUKJ,0
495,A2UFD1I8ZO1V4G,1
178,A3E157ZN8XPUKJ,1
292,ATQWZNGQCN1RA,1
129,AKBP92VUQ7G3,1
570,AKBP92VUQ7G3,1
579,ATQWZNGQCN1RA,0
478,ATQWZNGQCN1RA,0
11,A3GLUDQZGEJL5G,0
141,AD317NO9623GZ,1
336,A2H321P1NSEW35,2
161,AD317NO9623GZ,1
553,A3NU1SQPI1NXY4,3
316,A1KAXCLAH6UVMS,1
131,ATQWZNGQCN1RA,0
279,A2V3P1XE33NYC3,3
151,A3E157ZN8XPUKJ,1
13,A1C0Z73809FFDZ,0
493,ATQWZNGQCN1RA,0
584,A2H321P1NSEW35,1
209,A1PAR1TMKFPKQE,2
356,A1PAR1TMKFPKQE,2
87,ATQWZNGQCN1RA,0
213,AKBP92VUQ7G3,1
402,AKBP92VUQ7G3,0
153,AKBP92VUQ7G3,0
250,A2H321P1NSEW35,0
249,A2V3P1XE33NYC3,0
248,A3E157ZN8XPUKJ,1
280,A53VNQRRFQ785,1
517,ATQWZNGQCN1RA,0
89,ATQWZNGQCN1RA,0
76,A2V3P1XE33NYC3,1
576,ATQWZNGQCN1RA,0
67,AD317NO9623GZ,0
538,A2F0X4LN9N4O4C,1
482,A3NU1SQPI1NXY4,1
564,A2UFD1I8ZO1V4G,2
80,A2UFD1I8ZO1V4G,1
575,A2UFD1I8ZO1V4G,2
145,ATQWZNGQCN1RA,0
562,A3E157ZN8XPUKJ,1
454,A2UFD1I8ZO1V4G,0
293,A2UFD1I8ZO1V4G,3
334,A2UFD1I8ZO1V4G,0
7,ATQWZNGQCN1RA,0
380,A3NU1SQPI1NXY4,0
482,A2V3P1XE33NYC3,2
420,A2H321P1NSEW35,0
432,A2UFD1I8ZO1V4G,3
381,A2H321P1NSEW35,0
196,AD317NO9623GZ,1
390,A3NU1SQPI1NXY4,0
309,A2UFD1I8ZO1V4G,0
494,ATQWZNGQCN1RA,1
382,A1PAR1TMKFPKQE,0
396,AD317NO9623GZ,0
360,AKBP92VUQ7G3,0
560,AD317NO9623GZ,1
231,AM2W23THD4CI7,1
415,A2UFD1I8ZO1V4G,1
468,A3NU1SQPI1NXY4,3
314,AD317NO9623GZ,0
449,A53VNQRRFQ785,0
98,A3E157ZN8XPUKJ,1
542,ATQWZNGQCN1RA,1
412,A2UFD1I8ZO1V4G,3
18,AKBP92VUQ7G3,0
230,A3NU1SQPI1NXY4,1
368,A2AM6H3R1LSM9S,2
224,A2V3P1XE33NYC3,1
252,ATQWZNGQCN1RA,0
345,AKBP92VUQ7G3,0
464,A3NU1SQPI1NXY4,0
458,A3NU1SQPI1NXY4,3
399,ATQWZNGQCN1RA,0
105,AKBP92VUQ7G3,0
23,AD317NO9623GZ,1
491,AM2W23THD4CI7,3
37,AKBP92VUQ7G3,0
208,A2UFD1I8ZO1V4G,0
389,A3E157ZN8XPUKJ,3
295,ATQWZNGQCN1RA,0
91,ATQWZNGQCN1RA,3
497,A2UFD1I8ZO1V4G,0
72,A2V3P1XE33NYC3,2
150,A2V3P1XE33NYC3,1
187,A3E157ZN8XPUKJ,2
316,A3NU1SQPI1NXY4,2
11,A2UFD1I8ZO1V4G,0
33,A3E157ZN8XPUKJ,1
38,A3NU1SQPI1NXY4,1
132,A3GLUDQZGEJL5G,1
63,AKBP92VUQ7G3,2
104,AD317NO9623GZ,1
36,AM2W23THD4CI7,2
13,ATQWZNGQCN1RA,0
514,A1PAR1TMKFPKQE,0
528,ATQWZNGQCN1RA,2
234,A1VW9W0DWXCPYE,3
17,ATQWZNGQCN1RA,2
170,AD317NO9623GZ,3
113,A1VW9W0DWXCPYE,0
504,ATQWZNGQCN1RA,0
417,AD317NO9623GZ,2
409,A3E157ZN8XPUKJ,2
249,ATQWZNGQCN1RA,0
289,A1PAR1TMKFPKQE,1
458,A1PAR1TMKFPKQE,3
283,AD317NO9623GZ,1
367,A2V3P1XE33NYC3,0
190,A53VNQRRFQ785,0
174,A2AM6H3R1LSM9S,1
275,A2H321P1NSEW35,0
183,AD317NO9623GZ,1
554,AD317NO9623GZ,1
65,ATQWZNGQCN1RA,2
308,AD317NO9623GZ,0
333,AKBP92VUQ7G3,1
321,A2H321P1NSEW35,1
376,A1C0Z73809FFDZ,2
236,A2UFD1I8ZO1V4G,0
106,A2V3P1XE33NYC3,1
545,A2UFD1I8ZO1V4G,2
421,A3NU1SQPI1NXY4,3
95,A3E157ZN8XPUKJ,2
499,A1BHMDRWW9ZYSO,1
213,ATQWZNGQCN1RA,1
256,A2V3P1XE33NYC3,0
211,ATQWZNGQCN1RA,0
122,A1BHMDRWW9ZYSO,1
508,A2V3P1XE33NYC3,0
118,A53VNQRRFQ785,3
250,AD317NO9623GZ,0
559,A2UFD1I8ZO1V4G,0
127,AD317NO9623GZ,2
282,A2H321P1NSEW35,0
142,AKBP92VUQ7G3,0
164,ATQWZNGQCN1RA,3
103,AY5QPUSEADPBG,0
151,A2UFD1I8ZO1V4G,1
327,AKBP92VUQ7G3,0
86,A3NU1SQPI1NXY4,0
119,ATQWZNGQCN1RA,1
450,A3NU1SQPI1NXY4,2
178,AD317NO9623GZ,1
442,AD317NO9623GZ,3
148,A2V3P1XE33NYC3,2
90,A2V3P1XE33NYC3,3
24,A2V3P1XE33NYC3,2
114,A1BHMDRWW9ZYSO,3
58,AWRAXV1RIYR0M,0
274,AD317NO9623GZ,3
290,A1PAR1TMKFPKQE,0
177,A2UFD1I8ZO1V4G,1
300,A3E157ZN8XPUKJ,1
568,A1PAR1TMKFPKQE,1
305,A1BHMDRWW9ZYSO,0
383,A2UFD1I8ZO1V4G,3
189,A1C0Z73809FFDZ,1
118,A2V3P1XE33NYC3,3
226,A1VW9W0DWXCPYE,1
62,A3NU1SQPI1NXY4,1
336,A2V3P1XE33NYC3,3
347,A3NU1SQPI1NXY4,0
496,A2UFD1I8ZO1V4G,2
535,AM2W23THD4CI7,1
289,ATQWZNGQCN1RA,1
263,A2H321P1NSEW35,0
19,A2AM6H3R1LSM9S,2
312,A3NU1SQPI1NXY4,0
47,A2H321P1NSEW35,2
211,A2UFD1I8ZO1V4G,2
123,AKBP92VUQ7G3,0
359,A1PAR1TMKFPKQE,3
162,A2UFD1I8ZO1V4G,2
323,A2H321P1NSEW35,0
432,A3E157ZN8XPUKJ,3
22,A2H321P1NSEW35,0
320,ATQWZNGQCN1RA,1
572,A3E157ZN8XPUKJ,0
527,ATQWZNGQCN1RA,1
414,AKBP92VUQ7G3,2
222,A1BHMDRWW9ZYSO,1
480,AKBP92VUQ7G3,0
530,A1PAR1TMKFPKQE,3
157,A3NU1SQPI1NXY4,0
58,AKBP92VUQ7G3,0
309,A3E157ZN8XPUKJ,3
256,ATQWZNGQCN1RA,2
453,A3NU1SQPI1NXY4,1
189,AM2W23THD4CI7,1
504,A2V3P1XE33NYC3,0
19,A2V3P1XE33NYC3,2
410,A2V3P1XE33NYC3,1
468,AKBP92VUQ7G3,0
228,A3NU1SQPI1NXY4,0
320,A2UFD1I8ZO1V4G,1
143,A1PAR1TMKFPKQE,1
503,A3E157ZN8XPUKJ,2
202,A2UFD1I8ZO1V4G,0
405,A2H321P1NSEW35,0
274,A2H321P1NSEW35,3
437,A1PAR1TMKFPKQE,0
41,A2V3P1XE33NYC3,2
434,AD317NO9623GZ,3
46,AKBP92VUQ7G3,0
219,A3E157ZN8XPUKJ,1
192,A2UFD1I8ZO1V4G,1
444,ATQWZNGQCN1RA,0
21,A2V3P1XE33NYC3,3
165,ATQWZNGQCN1RA,0
14,A2H321P1NSEW35,1
554,A1PAR1TMKFPKQE,1
327,ATQWZNGQCN1RA,0
171,AD317NO9623GZ,0
303,ATQWZNGQCN1RA,0
482,A2BERTY629PZDT,0
183,A1PAR1TMKFPKQE,1
265,A3NU1SQPI1NXY4,1
51,A2BERTY629PZDT,0
329,A3E157ZN8XPUKJ,2
71,A3E157ZN8XPUKJ,0
163,AD317NO9623GZ,2
194,AKBP92VUQ7G3,0
280,AM2W23THD4CI7,1
513,A2UFD1I8ZO1V4G,0
568,AKBP92VUQ7G3,0
522,A1C0Z73809FFDZ,0
163,A36JZTUKQVV5S5,2
350,AKBP92VUQ7G3,1
18,A3NU1SQPI1NXY4,2
433,A3NU1SQPI1NXY4,3
37,ATQWZNGQCN1RA,1
270,A1BHMDRWW9ZYSO,0
210,A3NU1SQPI1NXY4,0
437,AKBP92VUQ7G3,0
460,A3NU1SQPI1NXY4,1
415,A3NU1SQPI1NXY4,1
507,A2V3P1XE33NYC3,3
441,A3E157ZN8XPUKJ,1
350,A2AM6H3R1LSM9S,2
17,A1PAR1TMKFPKQE,3
490,A1C0Z73809FFDZ,0
558,ATQWZNGQCN1RA,1
287,AKBP92VUQ7G3,1
78,A3NU1SQPI1NXY4,1
167,A2V3P1XE33NYC3,0
9,AD317NO9623GZ,1
203,ATQWZNGQCN1RA,2
526,AD317NO9623GZ,1
531,A2UFD1I8ZO1V4G,0
500,A3E157ZN8XPUKJ,3
377,A3NU1SQPI1NXY4,1
484,AD317NO9623GZ,0
195,AKBP92VUQ7G3,3
148,A1BHMDRWW9ZYSO,2
171,A2F0X4LN9N4O4C,0
564,A2AM6H3R1LSM9S,2
346,A2UFD1I8ZO1V4G,3
406,A2UFD1I8ZO1V4G,3
365,A3NU1SQPI1NXY4,1
131,A3GLUDQZGEJL5G,0
199,A2V3P1XE33NYC3,2
451,A53VNQRRFQ785,1
554,ATQWZNGQCN1RA,1
492,A1C0Z73809FFDZ,1
203,A3E157ZN8XPUKJ,2
274,AKBP92VUQ7G3,3
583,A3E157ZN8XPUKJ,1
96,A2UFD1I8ZO1V4G,2
386,ATQWZNGQCN1RA,0
462,AM2W23THD4CI7,0
491,ATQWZNGQCN1RA,0
489,A2UFD1I8ZO1V4G,0
11,A3NU1SQPI1NXY4,0
379,AD317NO9623GZ,0
394,A3NU1SQPI1NXY4,0
432,A3NU1SQPI1NXY4,3
114,A1PAR1TMKFPKQE,3
195,A2UFD1I8ZO1V4G,1
55,AY5QPUSEADPBG,1
576,A2UFD1I8ZO1V4G,2
356,A2UFD1I8ZO1V4G,2
434,A2V3P1XE33NYC3,0
485,A3NU1SQPI1NXY4,1
309,AM2W23THD4CI7,0
578,A1PAR1TMKFPKQE,1
155,AKBP92VUQ7G3,0
268,A1BHMDRWW9ZYSO,2
98,A2V3P1XE33NYC3,1
452,A53VNQRRFQ785,0
384,AD317NO9623GZ,0
561,A2UFD1I8ZO1V4G,1
343,A3NU1SQPI1NXY4,3
481,A2V3P1XE33NYC3,1
448,ATQWZNGQCN1RA,0
119,A2UFD1I8ZO1V4G,1
327,A3NU1SQPI1NXY4,3
127,A2UFD1I8ZO1V4G,2
237,ATQWZNGQCN1RA,0
226,A2V3P1XE33NYC3,1
566,A1PAR1TMKFPKQE,0
533,ATQWZNGQCN1RA,0
178,AKBP92VUQ7G3,2
519,AKBP92VUQ7G3,0
304,A3E157ZN8XPUKJ,3
314,AKBP92VUQ7G3,0
379,A2UFD1I8ZO1V4G,0
264,A2V3P1XE33NYC3,2
178,A36JZTUKQVV5S5,1
319,A3NU1SQPI1NXY4,0
39,A3E157ZN8XPUKJ,0
387,A2V3P1XE33NYC3,3
15,A1C0Z73809FFDZ,0
368,A2UFD1I8ZO1V4G,2
422,A2V3P1XE33NYC3,3
445,ATQWZNGQCN1RA,0
104,AKBP92VUQ7G3,0
343,ATQWZNGQCN1RA,0
145,A2V3P1XE33NYC3,3
518,ATQWZNGQCN1RA,1
164,A2H321P1NSEW35,3
368,ATQWZNGQCN1RA,0
516,A2V3P1XE33NYC3,1
525,A3E157ZN8XPUKJ,2
153,A2UFD1I8ZO1V4G,3
148,ATQWZNGQCN1RA,0
190,ATQWZNGQCN1RA,0
7,AD317NO9623GZ,0
237,AD317NO9623GZ,0
232,A2V3P1XE33NYC3,1
269,AD317NO9623GZ,0
309,A1KZOLS51I9SS7,0
333,A3E157ZN8XPUKJ,2
315,A2H321P1NSEW35,0
424,A2V3P1XE33NYC3,3
523,AD317NO9623GZ,0
372,A3E157ZN8XPUKJ,1
208,A3NU1SQPI1NXY4,0
186,A3E157ZN8XPUKJ,3
466,A1PAR1TMKFPKQE,2
93,A3NU1SQPI1NXY4,1
515,A1PAR1TMKFPKQE,2
478,A3E157ZN8XPUKJ,1
139,A2UFD1I8ZO1V4G,3
279,A2UFD1I8ZO1V4G,3
583,AKBP92VUQ7G3,2
457,A3E157ZN8XPUKJ,1
84,A1BHMDRWW9ZYSO,0
452,AKBP92VUQ7G3,0
30,A356EVHB3TU90R,1
472,A2H321P1NSEW35,0
382,AKBP92VUQ7G3,0
204,AD317NO9623GZ,0
175,AD317NO9623GZ,0
327,A2V3P1XE33NYC3,3
97,AKBP92VUQ7G3,1
84,AKBP92VUQ7G3,0
281,A3E157ZN8XPUKJ,0
525,A3NU1SQPI1NXY4,0
317,ATQWZNGQCN1RA,2
419,A3E157ZN8XPUKJ,2
310,ATQWZNGQCN1RA,0
202,A1PAR1TMKFPKQE,0
21,A1PAR1TMKFPKQE,3
17,AKBP92VUQ7G3,0
489,ATQWZNGQCN1RA,0
4,AKBP92VUQ7G3,0
544,AM2W23THD4CI7,2
469,AD317NO9623GZ,1
38,A3E157ZN8XPUKJ,1
100,ATQWZNGQCN1RA,2
139,A3NU1SQPI1NXY4,2
364,A2V3P1XE33NYC3,1
172,A2UFD1I8ZO1V4G,0
437,A2V3P1XE33NYC3,0
173,AKBP92VUQ7G3,3
16,A3NU1SQPI1NXY4,0
438,AM2W23THD4CI7,0
137,A3E157ZN8XPUKJ,3
49,AD317NO9623GZ,1
414,A1PAR1TMKFPKQE,2
51,A3E157ZN8XPUKJ,2
355,A2V3P1XE33NYC3,3
139,A2H321P1NSEW35,0
404,AM2W23THD4CI7,0
574,AD317NO9623GZ,0
48,A3E157ZN8XPUKJ,1
518,A2V3P1XE33NYC3,1
507,A1VW9W0DWXCPYE,0
489,AD317NO9623GZ,0
143,A3NU1SQPI1NXY4,2
146,ATQWZNGQCN1RA,1
238,AKBP92VUQ7G3,0
149,ATQWZNGQCN1RA,0
378,A3NU1SQPI1NXY4,1
558,A3E157ZN8XPUKJ,1
449,A1BHMDRWW9ZYSO,2
162,ATQWZNGQCN1RA,0
210,AD317NO9623GZ,0
475,A2UFD1I8ZO1V4G,0
391,AD317NO9623GZ,3
114,ATQWZNGQCN1RA,3
26,A2H321P1NSEW35,3
371,ATQWZNGQCN1RA,0
329,A1KZOLS51I9SS7,2
238,A3E157ZN8XPUKJ,3
110,AKBP92VUQ7G3,1
543,ATQWZNGQCN1RA,0
174,A2UFD1I8ZO1V4G,1
321,AD317NO9623GZ,1
218,A3E157ZN8XPUKJ,0
202,ATQWZNGQCN1RA,0
53,A2V3P1XE33NYC3,0
392,A2UFD1I8ZO1V4G,1
338,AKBP92VUQ7G3,0
99,A3E157ZN8XPUKJ,3
283,A2H321P1NSEW35,1
470,AKBP92VUQ7G3,1
381,A3E157ZN8XPUKJ,3
186,A2BERTY629PZDT,3
93,A2V3P1XE33NYC3,1
125,A2H321P1NSEW35,1
86,A1PAR1TMKFPKQE,0
319,A2H321P1NSEW35,0
544,A2V3P1XE33NYC3,3
486,AD317NO9623GZ,0
327,A1PAR1TMKFPKQE,2
333,A3NU1SQPI1NXY4,0
185,A3NU1SQPI1NXY4,0
367,AKBP92VUQ7G3,0
581,A2UFD1I8ZO1V4G,2
278,A53VNQRRFQ785,0
275,A2UFD1I8ZO1V4G,3
530,AKBP92VUQ7G3,0
122,AD317NO9623GZ,1
119,A3NU1SQPI1NXY4,1
435,A3E157ZN8XPUKJ,3
169,AKBP92VUQ7G3,1
437,AM2W23THD4CI7,1
479,A3NU1SQPI1NXY4,1
454,A1PAR1TMKFPKQE,2
339,A1C0Z73809FFDZ,1
235,A1VW9W0DWXCPYE,1
475,A1PAR1TMKFPKQE,0
84,A2UFD1I8ZO1V4G,0
302,A2V3P1XE33NYC3,3
309,ATQWZNGQCN1RA,0
157,ATQWZNGQCN1RA,0
463,A2UFD1I8ZO1V4G,1
78,AD317NO9623GZ,3
112,A1KZOLS51I9SS7,1
116,A2UFD1I8ZO1V4G,2
360,A2AM6H3R1LSM9S,2
572,ATQWZNGQCN1RA,0
158,A2AM6H3R1LSM9S,0
120,A1PAR1TMKFPKQE,0
75,A1BHMDRWW9ZYSO,2
175,A2V3P1XE33NYC3,0
87,A1VW9W0DWXCPYE,2
35,A2V3P1XE33NYC3,0
347,AWRAXV1RIYR0M,0
465,A3NU1SQPI1NXY4,1
51,AD317NO9623GZ,0
217,AKBP92VUQ7G3,0
554,A2UFD1I8ZO1V4G,1
328,A2V3P1XE33NYC3,3
414,A2UFD1I8ZO1V4G,2
113,ATQWZNGQCN1RA,3
269,AKBP92VUQ7G3,0
300,A1PAR1TMKFPKQE,1
449,A2V3P1XE33NYC3,3
467,A2AM6H3R1LSM9S,1
43,AM2W23THD4CI7,3
459,AD317NO9623GZ,2
251,A2H321P1NSEW35,0
340,ATQWZNGQCN1RA,1
370,A36JZTUKQVV5S5,3
176,A3NU1SQPI1NXY4,2
547,AKBP92VUQ7G3,0
143,ATQWZNGQCN1RA,0
442,A1BHMDRWW9ZYSO,3
201,AD317NO9623GZ,1
565,ATQWZNGQCN1RA,0
347,A2V3P1XE33NYC3,3
252,A3NU1SQPI1NXY4,1
22,AD317NO9623GZ,0
102,A1PAR1TMKFPKQE,3
9,A2BERTY629PZDT,1
309,AD317NO9623GZ,0
256,A1PAR1TMKFPKQE,0
356,A3E157ZN8XPUKJ,0
162,AKBP92VUQ7G3,0
150,A1PAR1TMKFPKQE,3
578,A1VW9W0DWXCPYE,1
403,A2UFD1I8ZO1V4G,0
235,AD317NO9623GZ,1
170,A3NU1SQPI1NXY4,0
428,AKBP92VUQ7G3,0
540,AD317NO9623GZ,1
2,AD317NO9623GZ,0
149,A2V3P1XE33NYC3,2
386,A1C0Z73809FFDZ,0
384,A1PAR1TMKFPKQE,0
375,AKBP92VUQ7G3,0
113,A1BHMDRWW9ZYSO,0
91,AD317NO9623GZ,3
278,A2UFD1I8ZO1V4G,0
236,A3E157ZN8XPUKJ,3
14,A1C0Z73809FFDZ,1
372,A36JZTUKQVV5S5,1
268,A1VW9W0DWXCPYE,2
185,AD317NO9623GZ,0
532,ATQWZNGQCN1RA,0
280,A2V3P1XE33NYC3,1
575,AKBP92VUQ7G3,0
310,AD317NO9623GZ,0
372,ATQWZNGQCN1RA,1
463,A2H321P1NSEW35,1
61,ATQWZNGQCN1RA,2
403,ATQWZNGQCN1RA,0
549,A2UFD1I8ZO1V4G,0
249,A2BERTY629PZDT,0
7,A2AM6H3R1LSM9S,2
370,AKBP92VUQ7G3,0
338,AD317NO9623GZ,0
311,AD317NO9623GZ,1
263,AD317NO9623GZ,0
551,AKBP92VUQ7G3,0
530,ATQWZNGQCN1RA,2
243,A2V3P1XE33NYC3,3
254,ATQWZNGQCN1RA,1
248,A1PAR1TMKFPKQE,1
398,ATQWZNGQCN1RA,1
36,ATQWZNGQCN1RA,0
338,A1C0Z73809FFDZ,1
100,A3E157ZN8XPUKJ,2
191,ATQWZNGQCN1RA,2
331,AD317NO9623GZ,0
315,A1KZOLS51I9SS7,0
252,A1C0Z73809FFDZ,0
89,A3NU1SQPI1NXY4,0
141,A2BERTY629PZDT,1
524,A2H321P1NSEW35,0
576,A2V3P1XE33NYC3,0
310,A2UFD1I8ZO1V4G,0
33,A2H321P1NSEW35,0
98,A1BHMDRWW9ZYSO,1
216,A1VW9W0DWXCPYE,2
455,AKBP92VUQ7G3,0
222,ATQWZNGQCN1RA,1
150,A3NU1SQPI1NXY4,1
405,A2V3P1XE33NYC3,3
455,A3NU1SQPI1NXY4,0
117,A53VNQRRFQ785,2
212,A3NU1SQPI1NXY4,1
199,ATQWZNGQCN1RA,2
173,ATQWZNGQCN1RA,3
567,A2V3P1XE33NYC3,3
296,A2UFD1I8ZO1V4G,0
236,AKBP92VUQ7G3,0
153,AD317NO9623GZ,3
417,A3E157ZN8XPUKJ,0
447,A3NU1SQPI1NXY4,0
119,A53VNQRRFQ785,1
116,A3NU1SQPI1NXY4,2
398,A1PAR1TMKFPKQE,1
418,A2V3P1XE33NYC3,3
299,A3NU1SQPI1NXY4,1
207,A2V3P1XE33NYC3,3
554,A3E157ZN8XPUKJ,1
434,ATQWZNGQCN1RA,0
451,A2UFD1I8ZO1V4G,1
64,AKBP92VUQ7G3,0
122,A2AM6H3R1LSM9S,1
321,A2UFD1I8ZO1V4G,1
529,A1PAR1TMKFPKQE,1
101,ATQWZNGQCN1RA,0
300,A3NU1SQPI1NXY4,1
515,A2UFD1I8ZO1V4G,2
230,A3E157ZN8XPUKJ,0
368,AKBP92VUQ7G3,2
411,A2UFD1I8ZO1V4G,0
221,A2BERTY629PZDT,0
441,A1BHMDRWW9ZYSO,1
431,A3E157ZN8XPUKJ,1
441,A3NU1SQPI1NXY4,1
571,AM2W23THD4CI7,0
542,AKBP92VUQ7G3,1
442,ATQWZNGQCN1RA,2
156,A2V3P1XE33NYC3,1
177,A3NU1SQPI1NXY4,1
414,A3UX2FXA3NMJCS,2
35,ATQWZNGQCN1RA,0
512,A36JZTUKQVV5S5,2
316,ATQWZNGQCN1RA,0
229,ATQWZNGQCN1RA,2
440,ATQWZNGQCN1RA,0
277,ATQWZNGQCN1RA,0
167,ATQWZNGQCN1RA,3
199,A2UFD1I8ZO1V4G,2
561,A2V3P1XE33NYC3,1
474,ATQWZNGQCN1RA,2
350,AM2W23THD4CI7,3
318,AD317NO9623GZ,0
59,ATQWZNGQCN1RA,2
217,AD317NO9623GZ,0
2,ATQWZNGQCN1RA,0
541,A3E157ZN8XPUKJ,2
390,ATQWZNGQCN1RA,0
155,A2UFD1I8ZO1V4G,0
275,AKBP92VUQ7G3,3
492,A2V3P1XE33NYC3,1
179,A1VW9W0DWXCPYE,2
100,AKBP92VUQ7G3,0
276,A2H321P1NSEW35,1
107,A2H321P1NSEW35,0
1,A1BHMDRWW9ZYSO,3
376,A2UFD1I8ZO1V4G,0
440,A1PAR1TMKFPKQE,1
313,A2V3P1XE33NYC3,1
3,ATQWZNGQCN1RA,0
460,A2V3P1XE33NYC3,1
458,ATQWZNGQCN1RA,3
276,AD317NO9623GZ,1
423,ATQWZNGQCN1RA,1
189,A53VNQRRFQ785,1
19,A2H321P1NSEW35,0
21,A3E157ZN8XPUKJ,3
499,ATQWZNGQCN1RA,1
221,A2UFD1I8ZO1V4G,0
111,A1KZOLS51I9SS7,0
166,A1PAR1TMKFPKQE,1
224,ATQWZNGQCN1RA,1
583,A2V3P1XE33NYC3,2
571,A2UFD1I8ZO1V4G,0
528,AKBP92VUQ7G3,2
90,A3KAJ085J9OR0Z,0
494,A2UFD1I8ZO1V4G,1
397,A3E157ZN8XPUKJ,0
238,A2V3P1XE33NYC3,3
569,AKBP92VUQ7G3,3
18,ATQWZNGQCN1RA,1
341,ATQWZNGQCN1RA,0
504,A1VW9W0DWXCPYE,0
216,A2UFD1I8ZO1V4G,2
503,AKBP92VUQ7G3,0
141,A2H321P1NSEW35,1
540,A2H321P1NSEW35,0
471,A2UFD1I8ZO1V4G,3
229,AKBP92VUQ7G3,2
356,ATQWZNGQCN1RA,2
563,A1PAR1TMKFPKQE,3
504,A3E157ZN8XPUKJ,0
416,AD317NO9623GZ,1
553,A3E157ZN8XPUKJ,3
435,AKBP92VUQ7G3,0
95,AD317NO9623GZ,0
31,A2V3P1XE33NYC3,0
34,AD317NO9623GZ,1
495,AKBP92VUQ7G3,1
497,A1BHMDRWW9ZYSO,0
60,A3NU1SQPI1NXY4,0
511,A2V3P1XE33NYC3,3
185,A2V3P1XE33NYC3,0
137,A2UFD1I8ZO1V4G,2
258,A3NU1SQPI1NXY4,0
385,AKBP92VUQ7G3,1
563,ATQWZNGQCN1RA,0
303,A3NU1SQPI1NXY4,0
559,ATQWZNGQCN1RA,0
126,AD317NO9623GZ,0
444,A3E157ZN8XPUKJ,2
500,A1PAR1TMKFPKQE,3
499,AD317NO9623GZ,1
5,AKBP92VUQ7G3,1
342,AD317NO9623GZ,1
565,A1BHMDRWW9ZYSO,0
172,ATQWZNGQCN1RA,0
419,A2V3P1XE33NYC3,2
121,AD317NO9623GZ,0
284,AKBP92VUQ7G3,0
234,A2UFD1I8ZO1V4G,3
184,A2UFD1I8ZO1V4G,2
466,A2UFD1I8ZO1V4G,2
162,A36JZTUKQVV5S5,0
546,AKBP92VUQ7G3,1
3,A1BHMDRWW9ZYSO,3
80,AWRAXV1RIYR0M,1
43,A3NU1SQPI1NXY4,3
59,AD317NO9623GZ,3
7,A2V3P1XE33NYC3,0
31,A3NU1SQPI1NXY4,0
273,AD317NO9623GZ,0
26,A3NU1SQPI1NXY4,0
202,A3NU1SQPI1NXY4,0
537,AD317NO9623GZ,2
198,A2V3P1XE33NYC3,0
289,AKBP92VUQ7G3,1
130,AKBP92VUQ7G3,0
200,A3NU1SQPI1NXY4,1
260,A2V3P1XE33NYC3,2
361,A2UFD1I8ZO1V4G,2
211,A2V3P1XE33NYC3,3
346,AD317NO9623GZ,0
231,AKBP92VUQ7G3,1
92,A3NU1SQPI1NXY4,1
555,A2AM6H3R1LSM9S,3
274,A2UFD1I8ZO1V4G,2
462,A2UFD1I8ZO1V4G,3
121,A1BHMDRWW9ZYSO,0
531,A3E157ZN8XPUKJ,2
158,A2V3P1XE33NYC3,0
345,AD317NO9623GZ,0
88,AKBP92VUQ7G3,0
487,ATQWZNGQCN1RA,0
515,A3E157ZN8XPUKJ,0
131,A3NU1SQPI1NXY4,1
39,ATQWZNGQCN1RA,0
3,AKBP92VUQ7G3,0
199,AWRAXV1RIYR0M,2
387,ATQWZNGQCN1RA,3
10,A3GLUDQZGEJL5G,0
397,A1PAR1TMKFPKQE,3
294,AD317NO9623GZ,1
118,A1PAR1TMKFPKQE,3
501,AD317NO9623GZ,0
556,A2UFD1I8ZO1V4G,0
24,A1PAR1TMKFPKQE,2
119,A1PAR1TMKFPKQE,1
69,A2UFD1I8ZO1V4G,2
235,ATQWZNGQCN1RA,1
13,AD317NO9623GZ,0
533,A2UFD1I8ZO1V4G,0
97,A2UFD1I8ZO1V4G,3
69,ATQWZNGQCN1RA,0
286,A1PAR1TMKFPKQE,0
86,AKBP92VUQ7G3,0
175,ATQWZNGQCN1RA,0
43,A2UFD1I8ZO1V4G,3
138,ATQWZNGQCN1RA,0
569,A3E157ZN8XPUKJ,3
463,ATQWZNGQCN1RA,1
52,A2V3P1XE33NYC3,1
56,ATQWZNGQCN1RA,3
332,A2UFD1I8ZO1V4G,2
389,A2V3P1XE33NYC3,2
66,A1BHMDRWW9ZYSO,1
515,A1BHMDRWW9ZYSO,2
576,AKBP92VUQ7G3,0
72,AD317NO9623GZ,0
127,AY5QPUSEADPBG,2
71,AKBP92VUQ7G3,1
114,AKBP92VUQ7G3,3
493,A1PAR1TMKFPKQE,0
566,AD317NO9623GZ,0
137,AD317NO9623GZ,3
311,AKBP92VUQ7G3,1
495,AD317NO9623GZ,1
562,ATQWZNGQCN1RA,0
151,A3NU1SQPI1NXY4,1
556,AD317NO9623GZ,0
295,A2V3P1XE33NYC3,1
434,A3NU1SQPI1NXY4,0
392,A3UX2FXA3NMJCS,1
138,A3E157ZN8XPUKJ,1
407,ATQWZNGQCN1RA,2
513,ATQWZNGQCN1RA,0
473,A1C0Z73809FFDZ,3
408,A2V3P1XE33NYC3,1
426,ATQWZNGQCN1RA,1
4,AD317NO9623GZ,1
306,AD317NO9623GZ,0
102,A2UFD1I8ZO1V4G,2
326,A2UFD1I8ZO1V4G,1
560,A1PAR1TMKFPKQE,1
314,A2H321P1NSEW35,0
28,A3NU1SQPI1NXY4,3
446,A3UX2FXA3NMJCS,0
66,AKBP92VUQ7G3,1
545,A3NU1SQPI1NXY4,0
4,A3NU1SQPI1NXY4,0
188,A2UFD1I8ZO1V4G,1
532,A3NU1SQPI1NXY4,0
105,A2UFD1I8ZO1V4G,3
368,A3NU1SQPI1NXY4,1
11,A2V3P1XE33NYC3,0
501,A2V3P1XE33NYC3,3
13,A3E157ZN8XPUKJ,3
580,A1VW9W0DWXCPYE,0
566,A2V3P1XE33NYC3,0
44,AM2W23THD4CI7,2
61,A2V3P1XE33NYC3,3
400,A2UFD1I8ZO1V4G,0
285,A2V3P1XE33NYC3,0
373,A1C0Z73809FFDZ,1
343,AD317NO9623GZ,1
84,ATQWZNGQCN1RA,0
219,A2UFD1I8ZO1V4G,0
335,AKBP92VUQ7G3,0
561,A3NU1SQPI1NXY4,1
205,A3NU1SQPI1NXY4,0
170,A2F0X4LN9N4O4C,0
23,A1PAR1TMKFPKQE,1
532,A53VNQRRFQ785,0
548,AKBP92VUQ7G3,0
220,AD317NO9623GZ,1
387,AKBP92VUQ7G3,0
6,AM2W23THD4CI7,1
194,A2UFD1I8ZO1V4G,1
282,A3E157ZN8XPUKJ,0
244,A3E157ZN8XPUKJ,3
216,AD317NO9623GZ,0
30,AD317NO9623GZ,1
82,ATQWZNGQCN1RA,0
366,A2V3P1XE33NYC3,3
84,AD317NO9623GZ,0
317,AD317NO9623GZ,0
192,A2V3P1XE33NYC3,1
145,A2UFD1I8ZO1V4G,2
394,A2UFD1I8ZO1V4G,2
229,AM2W23THD4CI7,2
163,A3E157ZN8XPUKJ,2
216,A2V3P1XE33NYC3,3
430,AKBP92VUQ7G3,1
350,AD317NO9623GZ,1
405,ATQWZNGQCN1RA,0
257,A2V3P1XE33NYC3,1
475,AD317NO9623GZ,2
120,A53VNQRRFQ785,0
116,ATQWZNGQCN1RA,0
251,A2UFD1I8ZO1V4G,0
167,AKBP92VUQ7G3,0
427,A3NU1SQPI1NXY4,0
91,A2H321P1NSEW35,0
358,A3E157ZN8XPUKJ,1
39,AKBP92VUQ7G3,0
14,A3E157ZN8XPUKJ,1
179,ATQWZNGQCN1RA,0
351,AD317NO9623GZ,0
396,A3E157ZN8XPUKJ,0
265,A2UFD1I8ZO1V4G,1
432,AD317NO9623GZ,3
108,AD317NO9623GZ,0
425,A3NU1SQPI1NXY4,0
305,AD317NO9623GZ,0
368,A3E157ZN8XPUKJ,2
70,AD317NO9623GZ,0
371,A1PAR1TMKFPKQE,3
486,A3NU1SQPI1NXY4,0
33,ATQWZNGQCN1RA,0
508,A1VW9W0DWXCPYE,2
493,A2UFD1I8ZO1V4G,2
546,A2UFD1I8ZO1V4G,3
214,A2H321P1NSEW35,0
389,ATQWZNGQCN1RA,0
345,A2H321P1NSEW35,0
85,ATQWZNGQCN1RA,0
552,A2UFD1I8ZO1V4G,0
280,AD317NO9623GZ,1
414,A3E157ZN8XPUKJ,3
296,A2V3P1XE33NYC3,0
4,A3E157ZN8XPUKJ,1
443,AKBP92VUQ7G3,1
467,A1PAR1TMKFPKQE,1
91,AKBP92VUQ7G3,0
168,A3E157ZN8XPUKJ,3
41,A1PAR1TMKFPKQE,3
510,A1PAR1TMKFPKQE,1
402,A2V3P1XE33NYC3,1
89,A2V3P1XE33NYC3,0
179,A2UFD1I8ZO1V4G,0
116,A1PAR1TMKFPKQE,2
435,ATQWZNGQCN1RA,3
185,A3E157ZN8XPUKJ,2
48,A3NU1SQPI1NXY4,1
490,ATQWZNGQCN1RA,0
331,ATQWZNGQCN1RA,2
213,A1BHMDRWW9ZYSO,1
128,ATQWZNGQCN1RA,0
446,A3NU1SQPI1NXY4,3
535,A2UFD1I8ZO1V4G,1
45,AD317NO9623GZ,2
47,A2UFD1I8ZO1V4G,3
570,A2UFD1I8ZO1V4G,1
427,A2AM6H3R1LSM9S,3
372,A2UFD1I8ZO1V4G,0
129,A2UFD1I8ZO1V4G,0
510,A2UFD1I8ZO1V4G,1
483,A2BERTY629PZDT,3
64,AM2W23THD4CI7,0
528,A3NU1SQPI1NXY4,3
520,A3NU1SQPI1NXY4,2
394,A1PAR1TMKFPKQE,3
168,A1PAR1TMKFPKQE,3
390,A3UX2FXA3NMJCS,0
309,A2V3P1XE33NYC3,3
438,A1PAR1TMKFPKQE,0
506,A2UFD1I8ZO1V4G,2
234,ATQWZNGQCN1RA,3
312,A3E157ZN8XPUKJ,3
582,A2UFD1I8ZO1V4G,0
466,A3NU1SQPI1NXY4,2
22,A3E157ZN8XPUKJ,0
291,AD317NO9623GZ,2
117,AD317NO9623GZ,2
354,A3E157ZN8XPUKJ,1
258,A3KAJ085J9OR0Z,0
509,A3NU1SQPI1NXY4,1
429,AKBP92VUQ7G3,2
336,A2UFD1I8ZO1V4G,2
468,AD317NO9623GZ,2
68,ATQWZNGQCN1RA,0
137,ATQWZNGQCN1RA,0
539,ATQWZNGQCN1RA,0
276,AKBP92VUQ7G3,1
189,A3NU1SQPI1NXY4,1
108,A2V3P1XE33NYC3,0
73,A2H321P1NSEW35,3
112,A1PAR1TMKFPKQE,3
569,A2UFD1I8ZO1V4G,3
150,AM2W23THD4CI7,0
76,A2UFD1I8ZO1V4G,1
209,A2H321P1NSEW35,0
240,AD317NO9623GZ,2
301,AD317NO9623GZ,1
201,ATQWZNGQCN1RA,1
89,A3KAJ085J9OR0Z,0
22,A1PAR1TMKFPKQE,0
336,ATQWZNGQCN1RA,0
305,A2UFD1I8ZO1V4G,0
215,A2UFD1I8ZO1V4G,2
136,A3NU1SQPI1NXY4,1
523,A2V3P1XE33NYC3,0
415,AD317NO9623GZ,1
572,A3NU1SQPI1NXY4,3
428,A2UFD1I8ZO1V4G,1
456,A3E157ZN8XPUKJ,0
30,A1PAR1TMKFPKQE,1
350,A3E157ZN8XPUKJ,3
484,A2BERTY629PZDT,2
332,A3NU1SQPI1NXY4,0
250,A2UFD1I8ZO1V4G,0
444,AKBP92VUQ7G3,0
304,A2UFD1I8ZO1V4G,3
258,AKBP92VUQ7G3,0
37,A3NU1SQPI1NXY4,1
81,A2H321P1NSEW35,1
223,A3NU1SQPI1NXY4,3
103,AD317NO9623GZ,3
2,A1BHMDRWW9ZYSO,3
485,ATQWZNGQCN1RA,1
14,AD317NO9623GZ,1
424,A1KZOLS51I9SS7,0
294,ATQWZNGQCN1RA,1
400,A3E157ZN8XPUKJ,1
577,A2BERTY629PZDT,0
515,ATQWZNGQCN1RA,2
86,A3E157ZN8XPUKJ,0
155,A3NU1SQPI1NXY4,0
579,AD317NO9623GZ,0
9,ATQWZNGQCN1RA,1
113,AKBP92VUQ7G3,0
337,A3NU1SQPI1NXY4,1
437,A2AM6H3R1LSM9S,0
490,AM2W23THD4CI7,0
62,AM2W23THD4CI7,1
206,AY5QPUSEADPBG,1
433,A3E157ZN8XPUKJ,3
439,AKBP92VUQ7G3,0
162,A2V3P1XE33NYC3,0
28,AKBP92VUQ7G3,3
171,A3NU1SQPI1NXY4,1
464,A2V3P1XE33NYC3,3
461,AKBP92VUQ7G3,0
2,A2UFD1I8ZO1V4G,2
221,A3NU1SQPI1NXY4,1
296,A1BHMDRWW9ZYSO,0
546,A2V3P1XE33NYC3,1
503,A2UFD1I8ZO1V4G,3
416,A2UFD1I8ZO1V4G,2
231,A2V3P1XE33NYC3,1
344,AKBP92VUQ7G3,0
16,A2H321P1NSEW35,0
516,A3NU1SQPI1NXY4,0
384,A2H321P1NSEW35,0
469,A3E157ZN8XPUKJ,2
42,A2UFD1I8ZO1V4G,1
555,A2UFD1I8ZO1V4G,0
496,ATQWZNGQCN1RA,2
302,A3NU1SQPI1NXY4,2
224,AKBP92VUQ7G3,1
357,ATQWZNGQCN1RA,0
162,A3NU1SQPI1NXY4,0
411,ATQWZNGQCN1RA,0
237,A2UFD1I8ZO1V4G,0
477,A3E157ZN8XPUKJ,1
238,A3NU1SQPI1NXY4,0
239,ATQWZNGQCN1RA,0
267,A2V3P1XE33NYC3,2
524,AKBP92VUQ7G3,0
207,A3NU1SQPI1NXY4,1
413,A3NU1SQPI1NXY4,0
216,A1BHMDRWW9ZYSO,0
521,AKBP92VUQ7G3,0
525,A1VW9W0DWXCPYE,0
131,AKBP92VUQ7G3,0
288,A1PAR1TMKFPKQE,3
104,A2V3P1XE33NYC3,1
102,A2V3P1XE33NYC3,3
488,AORFXVSW8DDHP,2
556,A3NU1SQPI1NXY4,3
559,AD317NO9623GZ,0
135,AKBP92VUQ7G3,0
143,A2UFD1I8ZO1V4G,2
86,A2V3P1XE33NYC3,0
565,AD317NO9623GZ,0
382,A3E157ZN8XPUKJ,0
440,AD317NO9623GZ,0
76,A2F0X4LN9N4O4C,1
193,ATQWZNGQCN1RA,0
400,A2BERTY629PZDT,0
4,A1BHMDRWW9ZYSO,3
98,A2UFD1I8ZO1V4G,1
457,A1PAR1TMKFPKQE,1
483,AD317NO9623GZ,0
242,A2V3P1XE33NYC3,3
556,AKBP92VUQ7G3,0
439,AM2W23THD4CI7,0
544,AKBP92VUQ7G3,0
470,AD317NO9623GZ,1
452,ATQWZNGQCN1RA,0
376,A1KZOLS51I9SS7,3
488,A2UFD1I8ZO1V4G,2
456,A1PAR1TMKFPKQE,0
421,ATQWZNGQCN1RA,0
7,A3NU1SQPI1NXY4,0
403,A3E157ZN8XPUKJ,0
304,A2V3P1XE33NYC3,0
247,AKBP92VUQ7G3,0
239,AM2W23THD4CI7,2
579,A3NU1SQPI1NXY4,0
217,A2UFD1I8ZO1V4G,3
316,A2H321P1NSEW35,0
525,AKBP92VUQ7G3,0
245,A3NU1SQPI1NXY4,3
336,AD317NO9623GZ,0
564,A3E157ZN8XPUKJ,1
135,AD317NO9623GZ,0
371,AD317NO9623GZ,3
161,A3NU1SQPI1NXY4,3
236,ATQWZNGQCN1RA,0
246,A2UFD1I8ZO1V4G,2
394,A1VW9W0DWXCPYE,2
357,A2UFD1I8ZO1V4G,3
113,A2V3P1XE33NYC3,3
448,AKBP92VUQ7G3,0
143,A2H321P1NSEW35,0
253,A2V3P1XE33NYC3,3
476,AD317NO9623GZ,1
131,AD317NO9623GZ,1
200,ATQWZNGQCN1RA,1
494,A1PAR1TMKFPKQE,2
191,AD317NO9623GZ,0
317,A2V3P1XE33NYC3,3
407,A2H321P1NSEW35,0
263,ATQWZNGQCN1RA,2
78,AWRAXV1RIYR0M,3
153,A3E157ZN8XPUKJ,3
339,AD317NO9623GZ,0
14,A3NU1SQPI1NXY4,1
241,A3NU1SQPI1NXY4,1
201,A2UFD1I8ZO1V4G,1
484,A2H321P1NSEW35,0
261,A2H321P1NSEW35,0
555,A2V3P1XE33NYC3,3
253,AD317NO9623GZ,3
563,AD317NO9623GZ,3
497,A3E157ZN8XPUKJ,0
491,A2UFD1I8ZO1V4G,0
44,A3NU1SQPI1NXY4,3
462,A2V3P1XE33NYC3,3
584,A3NU1SQPI1NXY4,1
31,A356EVHB3TU90R,0
252,A2UFD1I8ZO1V4G,1
76,AD317NO9623GZ,1
282,A1PAR1TMKFPKQE,0
398,A3E157ZN8XPUKJ,1
14,ATQWZNGQCN1RA,1
289,A3E157ZN8XPUKJ,1
37,A2UFD1I8ZO1V4G,1
317,A3E157ZN8XPUKJ,3
79,AKBP92VUQ7G3,0
95,ATQWZNGQCN1RA,0
149,A3NU1SQPI1NXY4,0
194,A2V3P1XE33NYC3,0
307,A2UFD1I8ZO1V4G,1
395,A1PAR1TMKFPKQE,0
536,A2UFD1I8ZO1V4G,3
323,AKBP92VUQ7G3,0
186,A2V3P1XE33NYC3,3
65,A3NU1SQPI1NXY4,2
423,AKBP92VUQ7G3,1
217,A2V3P1XE33NYC3,3
35,AD317NO9623GZ,0
357,A3E157ZN8XPUKJ,2
507,AD317NO9623GZ,2
415,AKBP92VUQ7G3,1
139,A2V3P1XE33NYC3,2
374,ATQWZNGQCN1RA,0
83,AD317NO9623GZ,3
500,A1BHMDRWW9ZYSO,0
152,AD317NO9623GZ,2
420,A1PAR1TMKFPKQE,1
358,A2AM6H3R1LSM9S,1
380,A3E157ZN8XPUKJ,0
99,A1PAR1TMKFPKQE,2
443,ATQWZNGQCN1RA,1
333,A2V3P1XE33NYC3,1
477,AD317NO9623GZ,3
358,AKBP92VUQ7G3,1
387,A2H321P1NSEW35,0
164,A3E157ZN8XPUKJ,2
19,A2UFD1I8ZO1V4G,3
26,A1PAR1TMKFPKQE,0
419,A2UFD1I8ZO1V4G,2
56,A2H321P1NSEW35,2
158,A3E157ZN8XPUKJ,0
568,ATQWZNGQCN1RA,0
339,AKBP92VUQ7G3,0
564,ATQWZNGQCN1RA,0
170,A3KAJ085J9OR0Z,1
424,AKBP92VUQ7G3,0
260,ATQWZNGQCN1RA,2
140,AKBP92VUQ7G3,3
140,A2UFD1I8ZO1V4G,3
47,A3E157ZN8XPUKJ,2
218,ATQWZNGQCN1RA,0
215,AD317NO9623GZ,0
557,AKBP92VUQ7G3,0
204,ATQWZNGQCN1RA,2
528,A2V3P1XE33NYC3,2
129,AD317NO9623GZ,1
275,A3NU1SQPI1NXY4,2
235,A2V3P1XE33NYC3,1
67,AKBP92VUQ7G3,3
226,ATQWZNGQCN1RA,1
518,A1PAR1TMKFPKQE,1
398,A3NU1SQPI1NXY4,1
18,A2V3P1XE33NYC3,1
475,AKBP92VUQ7G3,0
507,A1PAR1TMKFPKQE,0
308,ATQWZNGQCN1RA,0
173,A2UFD1I8ZO1V4G,3
369,A36JZTUKQVV5S5,3
182,AKBP92VUQ7G3,0
239,A2UFD1I8ZO1V4G,2
65,AKBP92VUQ7G3,2
541,AD317NO9623GZ,2
360,A3NU1SQPI1NXY4,0
403,AKBP92VUQ7G3,0
75,AD317NO9623GZ,2
35,A3NU1SQPI1NXY4,1
450,A1BHMDRWW9ZYSO,2
326,AKBP92VUQ7G3,1
558,AKBP92VUQ7G3,1
82,A1BHMDRWW9ZYSO,0
508,AKBP92VUQ7G3,0
292,A2V3P1XE33NYC3,1
37,A3E157ZN8XPUKJ,1
417,A2V3P1XE33NYC3,0
342,AKBP92VUQ7G3,1
12,A2V3P1XE33NYC3,3
353,A2V3P1XE33NYC3,1
550,AD317NO9623GZ,1
201,A3NU1SQPI1NXY4,1
78,AKBP92VUQ7G3,2
465,ATQWZNGQCN1RA,1
550,ATQWZNGQCN1RA,0
433,A2H321P1NSEW35,3
136,A2UFD1I8ZO1V4G,1
72,A1PAR1TMKFPKQE,0
234,A3NU1SQPI1NXY4,2
342,ATQWZNGQCN1RA,1
378,A2AM6H3R1LSM9S,1
87,AD317NO9623GZ,0
198,ATQWZNGQCN1RA,0
90,A3E157ZN8XPUKJ,3
176,ATQWZNGQCN1RA,2
504,A1PAR1TMKFPKQE,0
120,A3NU1SQPI1NXY4,0
375,AWRAXV1RIYR0M,2
502,AKBP92VUQ7G3,1
237,A2V3P1XE33NYC3,1
470,A3E157ZN8XPUKJ,1
455,A1BHMDRWW9ZYSO,0
341,A2UFD1I8ZO1V4G,1
284,A3E157ZN8XPUKJ,0
259,A2V3P1XE33NYC3,3
103,AKBP92VUQ7G3,0
34,A2V3P1XE33NYC3,1
103,A3NU1SQPI1NXY4,3
470,A2UFD1I8ZO1V4G,1
95,A2AM6H3R1LSM9S,0
142,A2BERTY629PZDT,0
92,A2H321P1NSEW35,1
516,AKBP92VUQ7G3,0
101,AD317NO9623GZ,3
520,A1VW9W0DWXCPYE,2
279,A1VW9W0DWXCPYE,3
160,AKBP92VUQ7G3,0
123,A1BHMDRWW9ZYSO,3
571,A3NU1SQPI1NXY4,0
466,A2AM6H3R1LSM9S,2
532,AKBP92VUQ7G3,0
460,A1VW9W0DWXCPYE,0
292,A2UFD1I8ZO1V4G,1
80,A3E157ZN8XPUKJ,1
217,A1PAR1TMKFPKQE,2
5,A2V3P1XE33NYC3,1
244,A2V3P1XE33NYC3,0
260,A3KAJ085J9OR0Z,2
479,AKBP92VUQ7G3,0
279,A3NU1SQPI1NXY4,3
6,A2AM6H3R1LSM9S,0
93,A3E157ZN8XPUKJ,1
89,AKBP92VUQ7G3,0
528,A2UFD1I8ZO1V4G,2
227,A1VW9W0DWXCPYE,0
347,A2UFD1I8ZO1V4G,2
300,ATQWZNGQCN1RA,1
454,A3NU1SQPI1NXY4,3
164,AKBP92VUQ7G3,3
377,A2V3P1XE33NYC3,1
459,AKBP92VUQ7G3,2
328,A1C0Z73809FFDZ,3
329,ATQWZNGQCN1RA,2
261,AD317NO9623GZ,0
474,AKBP92VUQ7G3,0
234,AKBP92VUQ7G3,2
334,A3NU1SQPI1NXY4,0
51,A1PAR1TMKFPKQE,3
287,A1C0Z73809FFDZ,1
166,A2V3P1XE33NYC3,0
247,A1PAR1TMKFPKQE,2
432,A2BERTY629PZDT,3
25,A1PAR1TMKFPKQE,1
265,ATQWZNGQCN1RA,1
128,AD317NO9623GZ,0
265,AKBP92VUQ7G3,1
458,AD317NO9623GZ,3
394,A3E157ZN8XPUKJ,3
386,A2V3P1XE33NYC3,2
541,A2V3P1XE33NYC3,2
483,A2UFD1I8ZO1V4G,3
504,A2UFD1I8ZO1V4G,0
161,A36JZTUKQVV5S5,3
477,AKBP92VUQ7G3,0
78,A2V3P1XE33NYC3,3
461,A2UFD1I8ZO1V4G,0
343,A2UFD1I8ZO1V4G,1
107,A2V3P1XE33NYC3,0
409,ATQWZNGQCN1RA,2
244,A2UFD1I8ZO1V4G,0
576,AD317NO9623GZ,0
490,A3E157ZN8XPUKJ,0
485,A2UFD1I8ZO1V4G,1
448,A3UX2FXA3NMJCS,0
214,AD317NO9623GZ,0
505,A2V3P1XE33NYC3,2
241,A2UFD1I8ZO1V4G,1
177,A2V3P1XE33NYC3,1
106,ATQWZNGQCN1RA,1
319,A356EVHB3TU90R,0
365,A2UFD1I8ZO1V4G,1
175,AKBP92VUQ7G3,0
424,A1VW9W0DWXCPYE,2
444,A1BHMDRWW9ZYSO,0
408,AKBP92VUQ7G3,1
267,A1C0Z73809FFDZ,0
405,AD317NO9623GZ,0
509,A2UFD1I8ZO1V4G,1
229,A2UFD1I8ZO1V4G,2
311,A3NU1SQPI1NXY4,1
483,A3NU1SQPI1NXY4,3
178,A3NU1SQPI1NXY4,1
414,A2V3P1XE33NYC3,2
38,AKBP92VUQ7G3,1
96,A3E157ZN8XPUKJ,0
186,AD317NO9623GZ,3
91,A3NU1SQPI1NXY4,2
53,A1BHMDRWW9ZYSO,0
58,A2AM6H3R1LSM9S,2
137,AM2W23THD4CI7,0
10,A2UFD1I8ZO1V4G,0
306,AKBP92VUQ7G3,0
539,A2H321P1NSEW35,2
85,A2V3P1XE33NYC3,1
288,ATQWZNGQCN1RA,0
566,A1BHMDRWW9ZYSO,0
548,ATQWZNGQCN1RA,0
270,A2V3P1XE33NYC3,0
449,ATQWZNGQCN1RA,0
381,AD317NO9623GZ,0
278,A3NU1SQPI1NXY4,1
245,AKBP92VUQ7G3,3
427,A2V3P1XE33NYC3,3
10,A2BERTY629PZDT,0
48,AKBP92VUQ7G3,1
240,A3NU1SQPI1NXY4,0
203,A3NU1SQPI1NXY4,0
223,A2UFD1I8ZO1V4G,3
508,A2UFD1I8ZO1V4G,2
368,AD317NO9623GZ,2
185,AKBP92VUQ7G3,0
489,A1C0Z73809FFDZ,0
482,ATQWZNGQCN1RA,1
233,A1VW9W0DWXCPYE,0
254,A1PAR1TMKFPKQE,2
276,ATQWZNGQCN1RA,1
386,AD317NO9623GZ,0
71,A36JZTUKQVV5S5,1
83,A1BHMDRWW9ZYSO,0
418,A3NU1SQPI1NXY4,0
156,A3E157ZN8XPUKJ,1
119,A2V3P1XE33NYC3,1
337,A36JZTUKQVV5S5,1
30,AKBP92VUQ7G3,1
200,AWRAXV1RIYR0M,1
463,A3NU1SQPI1NXY4,1
421,AKBP92VUQ7G3,0
524,A2V3P1XE33NYC3,0
280,A1VW9W0DWXCPYE,1
123,AD317NO9623GZ,2
351,ATQWZNGQCN1RA,0
137,A2V3P1XE33NYC3,3
74,AKBP92VUQ7G3,0
150,A3E157ZN8XPUKJ,0
574,A2UFD1I8ZO1V4G,3
301,AM2W23THD4CI7,1
315,A1KAXCLAH6UVMS,0
82,AKBP92VUQ7G3,0
533,A2V3P1XE33NYC3,0
454,ATQWZNGQCN1RA,0
575,A2V3P1XE33NYC3,0
142,ATQWZNGQCN1RA,0
57,AKBP92VUQ7G3,0
324,A3NU1SQPI1NXY4,1
57,AWRAXV1RIYR0M,1
6,A3NU1SQPI1NXY4,1
277,A3NU1SQPI1NXY4,3
478,A3NU1SQPI1NXY4,1
357,A2V3P1XE33NYC3,3
252,A2H321P1NSEW35,0
552,AKBP92VUQ7G3,0
395,AKBP92VUQ7G3,0
570,A3E157ZN8XPUKJ,1
263,A3NU1SQPI1NXY4,0
181,A3E157ZN8XPUKJ,0
511,AKBP92VUQ7G3,0
271,A2UFD1I8ZO1V4G,0
166,A2UFD1I8ZO1V4G,1
540,A2V3P1XE33NYC3,0
199,AD317NO9623GZ,2
226,AM2W23THD4CI7,1
563,A2UFD1I8ZO1V4G,2
506,AD317NO9623GZ,0
263,AKBP92VUQ7G3,0
422,A3NU1SQPI1NXY4,3
230,ATQWZNGQCN1RA,1
156,ATQWZNGQCN1RA,1
456,AD317NO9623GZ,0
214,A2UFD1I8ZO1V4G,0
471,A3NU1SQPI1NXY4,0
295,A3E157ZN8XPUKJ,1
318,A3NU1SQPI1NXY4,0
225,A3E157ZN8XPUKJ,0
549,A3E157ZN8XPUKJ,0
299,A1PAR1TMKFPKQE,2
557,AD317NO9623GZ,0
457,ATQWZNGQCN1RA,1
447,A1BHMDRWW9ZYSO,0
134,A3NU1SQPI1NXY4,1
402,AD317NO9623GZ,1
110,A1PAR1TMKFPKQE,1
567,ATQWZNGQCN1RA,0
480,AM2W23THD4CI7,0
379,AKBP92VUQ7G3,0
289,AD317NO9623GZ,1
115,AD317NO9623GZ,0
339,A3NU1SQPI1NXY4,1
512,AWRAXV1RIYR0M,1
474,A3E157ZN8XPUKJ,2
309,AKBP92VUQ7G3,0
248,ATQWZNGQCN1RA,1
36,A2V3P1XE33NYC3,3
513,AD317NO9623GZ,0
272,A36JZTUKQVV5S5,0
283,A3E157ZN8XPUKJ,1
173,A2AM6H3R1LSM9S,3
315,ATQWZNGQCN1RA,0
325,ATQWZNGQCN1RA,0
310,A3E157ZN8XPUKJ,2
314,A1KAXCLAH6UVMS,0
34,AKBP92VUQ7G3,0
553,A1PAR1TMKFPKQE,2
356,AKBP92VUQ7G3,0
498,A3NU1SQPI1NXY4,0
304,A3NU1SQPI1NXY4,0
383,A3E157ZN8XPUKJ,1
573,AD317NO9623GZ,0
378,AD317NO9623GZ,1
348,A2UFD1I8ZO1V4G,1
80,AD317NO9623GZ,1
261,A2UFD1I8ZO1V4G,3
158,A1PAR1TMKFPKQE,0
143,A2V3P1XE33NYC3,2
381,A2V3P1XE33NYC3,3
527,A2UFD1I8ZO1V4G,1
206,A3E157ZN8XPUKJ,1
90,AD317NO9623GZ,2
427,A2UFD1I8ZO1V4G,0
384,AKBP92VUQ7G3,0
305,A3E157ZN8XPUKJ,0
239,A3E157ZN8XPUKJ,0
239,AKBP92VUQ7G3,0
298,AKBP92VUQ7G3,1
523,A1VW9W0DWXCPYE,0
547,ATQWZNGQCN1RA,1
262,A2UFD1I8ZO1V4G,3
556,A2V3P1XE33NYC3,0
91,A3KAJ085J9OR0Z,0
1,A2UFD1I8ZO1V4G,2
50,A3E157ZN8XPUKJ,1
215,AKBP92VUQ7G3,0
310,A1KZOLS51I9SS7,0
324,A1BHMDRWW9ZYSO,1
323,ATQWZNGQCN1RA,0
81,A2UFD1I8ZO1V4G,1
322,AKBP92VUQ7G3,1
552,AM2W23THD4CI7,0
392,AKBP92VUQ7G3,1
545,ATQWZNGQCN1RA,0
572,AD317NO9623GZ,2
424,A2UFD1I8ZO1V4G,2
409,A1PAR1TMKFPKQE,2
491,A1C0Z73809FFDZ,1
320,AD317NO9623GZ,1
34,AM2W23THD4CI7,0
269,A2V3P1XE33NYC3,0
241,A1BHMDRWW9ZYSO,1
302,ATQWZNGQCN1RA,0
95,A2UFD1I8ZO1V4G,0
318,A2V3P1XE33NYC3,0
330,AKBP92VUQ7G3,1
257,AKBP92VUQ7G3,1
290,A2UFD1I8ZO1V4G,0
542,A3NU1SQPI1NXY4,1
399,A2V3P1XE33NYC3,0
303,AM2W23THD4CI7,0
242,A3NU1SQPI1NXY4,3
128,AY5QPUSEADPBG,0
66,ATQWZNGQCN1RA,1
48,A2H321P1NSEW35,0
5,A2AM6H3R1LSM9S,1
151,AKBP92VUQ7G3,1
245,ATQWZNGQCN1RA,3
145,AY5QPUSEADPBG,0
342,A2H321P1NSEW35,1
485,AD317NO9623GZ,1
35,A2H321P1NSEW35,0
500,A3NU1SQPI1NXY4,0
503,AD317NO9623GZ,3
82,A2UFD1I8ZO1V4G,0
7,AM2W23THD4CI7,0
115,A1BHMDRWW9ZYSO,0
200,AKBP92VUQ7G3,1
220,A2V3P1XE33NYC3,1
319,AD317NO9623GZ,0
347,A2H321P1NSEW35,0
218,A2UFD1I8ZO1V4G,3
205,A2UFD1I8ZO1V4G,0
147,AY5QPUSEADPBG,3
548,A3E157ZN8XPUKJ,3
349,A2UFD1I8ZO1V4G,1
502,A3E157ZN8XPUKJ,1
404,A3NU1SQPI1NXY4,0
64,A3NU1SQPI1NXY4,0
119,AKBP92VUQ7G3,1
443,AD317NO9623GZ,1
451,A1BHMDRWW9ZYSO,1
580,ATQWZNGQCN1RA,0
161,AKBP92VUQ7G3,2
384,A3NU1SQPI1NXY4,0
396,A1PAR1TMKFPKQE,3
87,AKBP92VUQ7G3,0
213,A2H321P1NSEW35,1
145,AKBP92VUQ7G3,0
412,ATQWZNGQCN1RA,3
335,A3NU1SQPI1NXY4,0
188,AM2W23THD4CI7,1
475,ATQWZNGQCN1RA,0
576,A1BHMDRWW9ZYSO,0
35,A2UFD1I8ZO1V4G,3
467,AD317NO9623GZ,1
582,A2AM6H3R1LSM9S,0
284,A3NU1SQPI1NXY4,0
255,A3NU1SQPI1NXY4,3
479,AD317NO9623GZ,3
283,AKBP92VUQ7G3,1
472,A3NU1SQPI1NXY4,2
439,A2AM6H3R1LSM9S,0
531,A53VNQRRFQ785,0
116,A1VW9W0DWXCPYE,3
251,A1C0Z73809FFDZ,0
450,AD317NO9623GZ,0
239,A2V3P1XE33NYC3,0
92,A3KAJ085J9OR0Z,0
549,A2H321P1NSEW35,0
404,A2UFD1I8ZO1V4G,0
147,AKBP92VUQ7G3,0
96,A2V3P1XE33NYC3,2
264,ATQWZNGQCN1RA,0
96,AKBP92VUQ7G3,2
373,AWRAXV1RIYR0M,1
118,A2H321P1NSEW35,0
275,AD317NO9623GZ,3
340,A2V3P1XE33NYC3,1
20,AD317NO9623GZ,3
564,A2V3P1XE33NYC3,2
161,A2V3P1XE33NYC3,3
528,A1VW9W0DWXCPYE,2
412,A1PAR1TMKFPKQE,3
221,AKBP92VUQ7G3,1
8,AKBP92VUQ7G3,2
536,AD317NO9623GZ,0
399,A1PAR1TMKFPKQE,0
176,A3E157ZN8XPUKJ,3
302,A3E157ZN8XPUKJ,2
534,ATQWZNGQCN1RA,0
354,AD317NO9623GZ,0
136,A3E157ZN8XPUKJ,1
189,AKBP92VUQ7G3,1
514,A2UFD1I8ZO1V4G,0
158,A3NU1SQPI1NXY4,0
338,A2UFD1I8ZO1V4G,1
244,AKBP92VUQ7G3,0
271,A1VW9W0DWXCPYE,2
412,A3NU1SQPI1NXY4,3
556,A3E157ZN8XPUKJ,2
502,A3NU1SQPI1NXY4,1
165,A2V3P1XE33NYC3,3
461,AM2W23THD4CI7,0
82,A2BERTY629PZDT,3
530,A53VNQRRFQ785,0
445,AD317NO9623GZ,1
306,A2V3P1XE33NYC3,3
500,A2V3P1XE33NYC3,3
190,AKBP92VUQ7G3,0
526,ATQWZNGQCN1RA,1
344,A1VW9W0DWXCPYE,0
256,A2UFD1I8ZO1V4G,0
21,AKBP92VUQ7G3,3
268,A3NU1SQPI1NXY4,2
57,A2V3P1XE33NYC3,1
409,AM2W23THD4CI7,2
172,A3KAJ085J9OR0Z,0
578,A2UFD1I8ZO1V4G,1
193,A2V3P1XE33NYC3,0
251,AD317NO9623GZ,3
105,A3NU1SQPI1NXY4,3
396,A2UFD1I8ZO1V4G,0
112,A2H321P1NSEW35,1
264,A2H321P1NSEW35,0
289,A2H321P1NSEW35,1
193,A2H321P1NSEW35,0
147,A2V3P1XE33NYC3,3
22,A2V3P1XE33NYC3,0
77,AWRAXV1RIYR0M,0
403,A2V3P1XE33NYC3,0
266,A1VW9W0DWXCPYE,0
183,A3E157ZN8XPUKJ,1
418,A3E157ZN8XPUKJ,0
122,A3E157ZN8XPUKJ,1
233,AKBP92VUQ7G3,0
62,A2UFD1I8ZO1V4G,1
512,AD317NO9623GZ,1
54,AY5QPUSEADPBG,0
365,ATQWZNGQCN1RA,1
534,A1PAR1TMKFPKQE,3
155,A3KAJ085J9OR0Z,0
471,AKBP92VUQ7G3,0
560,A3NU1SQPI1NXY4,1
420,ATQWZNGQCN1RA,0
423,A3GLUDQZGEJL5G,1
349,AKBP92VUQ7G3,1
165,A3E157ZN8XPUKJ,3
361,A2V3P1XE33NYC3,2
245,A3GLUDQZGEJL5G,1
469,A1PAR1TMKFPKQE,2
340,A1PAR1TMKFPKQE,1
496,A1PAR1TMKFPKQE,2
388,A3NU1SQPI1NXY4,1
576,A1PAR1TMKFPKQE,0
279,AKBP92VUQ7G3,0
497,A3NU1SQPI1NXY4,0
161,A3E157ZN8XPUKJ,3
307,AD317NO9623GZ,1
37,AD317NO9623GZ,1
554,A3NU1SQPI1NXY4,1
572,AKBP92VUQ7G3,2
346,A356EVHB3TU90R,3
461,ATQWZNGQCN1RA,0
490,A3NU1SQPI1NXY4,1
42,A1PAR1TMKFPKQE,2
372,A3NU1SQPI1NXY4,1
230,AM2W23THD4CI7,1
377,AD317NO9623GZ,1
308,A3E157ZN8XPUKJ,1
541,A1PAR1TMKFPKQE,2
295,A1PAR1TMKFPKQE,0
213,A2V3P1XE33NYC3,1
557,ATQWZNGQCN1RA,0
145,A1BHMDRWW9ZYSO,2
96,A2AM6H3R1LSM9S,2
338,A3NU1SQPI1NXY4,0
323,AD317NO9623GZ,0
395,A1VW9W0DWXCPYE,0
38,ATQWZNGQCN1RA,1
89,AD317NO9623GZ,0
144,A2UFD1I8ZO1V4G,0
543,A1PAR1TMKFPKQE,0
476,A2V3P1XE33NYC3,1
70,A36JZTUKQVV5S5,0
83,A2UFD1I8ZO1V4G,2
466,AM2W23THD4CI7,2
241,AKBP92VUQ7G3,1
287,ATQWZNGQCN1RA,1
51,ATQWZNGQCN1RA,0
563,A3NU1SQPI1NXY4,0
425,AKBP92VUQ7G3,0
15,A3E157ZN8XPUKJ,2
331,A2V3P1XE33NYC3,2
100,AD317NO9623GZ,0
398,A2V3P1XE33NYC3,1
527,A3GLUDQZGEJL5G,1
378,A2V3P1XE33NYC3,1
361,ATQWZNGQCN1RA,2
489,A2V3P1XE33NYC3,0
431,A2UFD1I8ZO1V4G,0
342,A2V3P1XE33NYC3,1
216,ATQWZNGQCN1RA,2
255,AKBP92VUQ7G3,0
99,AKBP92VUQ7G3,2
214,A2V3P1XE33NYC3,3
70,A3NU1SQPI1NXY4,0
468,A2V3P1XE33NYC3,3
240,ATQWZNGQCN1RA,0
542,AM2W23THD4CI7,1
316,A1KZOLS51I9SS7,0
386,AKBP92VUQ7G3,2
133,A2V3P1XE33NYC3,1
508,A3NU1SQPI1NXY4,0
435,A3NU1SQPI1NXY4,3
483,AKBP92VUQ7G3,3
80,AKBP92VUQ7G3,1
182,A3NU1SQPI1NXY4,0
451,ATQWZNGQCN1RA,1
480,A3E157ZN8XPUKJ,1
111,A2V3P1XE33NYC3,0
520,A2V3P1XE33NYC3,2
388,AD317NO9623GZ,1
126,ATQWZNGQCN1RA,0
63,AM2W23THD4CI7,2
568,AWRAXV1RIYR0M,0
501,A3NU1SQPI1NXY4,0
81,AKBP92VUQ7G3,1
75,A2H321P1NSEW35,2
63,AD317NO9623GZ,3
496,AKBP92VUQ7G3,2
259,A2H321P1NSEW35,3
580,A3NU1SQPI1NXY4,3
397,AKBP92VUQ7G3,0
529,AKBP92VUQ7G3,1
429,A3E157ZN8XPUKJ,2
243,A2AM6H3R1LSM9S,2
169,ATQWZNGQCN1RA,1
157,AD317NO9623GZ,1
132,A3E157ZN8XPUKJ,1
370,A2UFD1I8ZO1V4G,0
245,AD317NO9623GZ,3
14,A2UFD1I8ZO1V4G,1
297,A2V3P1XE33NYC3,3
30,A2V3P1XE33NYC3,1
271,A36JZTUKQVV5S5,0
477,AM2W23THD4CI7,0
259,A2UFD1I8ZO1V4G,3
191,AKBP92VUQ7G3,0
351,AKBP92VUQ7G3,0
502,ATQWZNGQCN1RA,1
9,A2UFD1I8ZO1V4G,1
386,A3NU1SQPI1NXY4,3
23,AKBP92VUQ7G3,1
203,AKBP92VUQ7G3,0
475,A3E157ZN8XPUKJ,2
76,A2H321P1NSEW35,1
101,A3NU1SQPI1NXY4,3
289,A2UFD1I8ZO1V4G,1
408,A2H321P1NSEW35,1
522,A2UFD1I8ZO1V4G,3
528,A3E157ZN8XPUKJ,2
267,A1VW9W0DWXCPYE,0
185,A2UFD1I8ZO1V4G,0
21,A3NU1SQPI1NXY4,3
584,AD317NO9623GZ,1
431,AD317NO9623GZ,0
88,A3E157ZN8XPUKJ,0
380,A2V3P1XE33NYC3,3
551,AM2W23THD4CI7,0
227,A3NU1SQPI1NXY4,3
1,AD317NO9623GZ,0
20,A2V3P1XE33NYC3,0
315,A3NU1SQPI1NXY4,2
444,A2V3P1XE33NYC3,0
180,AD317NO9623GZ,0
571,AD317NO9623GZ,0
515,A2V3P1XE33NYC3,3
332,A3E157ZN8XPUKJ,2
489,AKBP92VUQ7G3,0
521,ATQWZNGQCN1RA,3
459,A2UFD1I8ZO1V4G,2
399,AKBP92VUQ7G3,0
27,ATQWZNGQCN1RA,2
354,A2UFD1I8ZO1V4G,0
417,A3NU1SQPI1NXY4,0
30,A3GLUDQZGEJL5G,1
206,AD317NO9623GZ,1
526,A3GLUDQZGEJL5G,1
51,AKBP92VUQ7G3,0
584,A2V3P1XE33NYC3,1
382,ATQWZNGQCN1RA,0
491,A3E157ZN8XPUKJ,3
279,AD317NO9623GZ,3
5,AD317NO9623GZ,1
326,ATQWZNGQCN1RA,1
58,A2UFD1I8ZO1V4G,2
580,AD317NO9623GZ,0
515,A3NU1SQPI1NXY4,2
91,A3E157ZN8XPUKJ,3
338,ATQWZNGQCN1RA,0
59,A2UFD1I8ZO1V4G,3
481,A3NU1SQPI1NXY4,1
135,A2V3P1XE33NYC3,3
31,AD317NO9623GZ,0
166,A3E157ZN8XPUKJ,3
106,AKBP92VUQ7G3,1
21,ATQWZNGQCN1RA,3
140,AM2W23THD4CI7,3
159,A2V3P1XE33NYC3,0
85,A2UFD1I8ZO1V4G,1
506,A3NU1SQPI1NXY4,2
177,AD317NO9623GZ,1
470,ATQWZNGQCN1RA,1
349,A2AM6H3R1LSM9S,1
117,AKBP92VUQ7G3,0
84,A2V3P1XE33NYC3,0
181,A2V3P1XE33NYC3,0
436,A2V3P1XE33NYC3,0
85,AD317NO9623GZ,1
236,A2H321P1NSEW35,3
142,A2H321P1NSEW35,0
489,AM2W23THD4CI7,0
372,A2V3P1XE33NYC3,1
109,A3NU1SQPI1NXY4,2
571,A2AM6H3R1LSM9S,0
271,A2V3P1XE33NYC3,3
74,A2H321P1NSEW35,0
150,A2UFD1I8ZO1V4G,1
105,A1PAR1TMKFPKQE,3
168,A2UFD1I8ZO1V4G,3
401,AM2W23THD4CI7,0
200,A1PAR1TMKFPKQE,1
232,AD317NO9623GZ,1
391,ATQWZNGQCN1RA,3
162,A2H321P1NSEW35,0
100,A1BHMDRWW9ZYSO,0
442,A3NU1SQPI1NXY4,1
228,A1VW9W0DWXCPYE,1
69,A3NU1SQPI1NXY4,0
278,A2V3P1XE33NYC3,3
405,AKBP92VUQ7G3,0
190,A1C0Z73809FFDZ,1
251,A3NU1SQPI1NXY4,1
312,A2UFD1I8ZO1V4G,2
146,AD317NO9623GZ,1
375,A1C0Z73809FFDZ,0
23,A2H321P1NSEW35,1
367,A2UFD1I8ZO1V4G,0
299,A2UFD1I8ZO1V4G,2
528,A3GLUDQZGEJL5G,3
359,A2UFD1I8ZO1V4G,3
514,AKBP92VUQ7G3,0
524,A1VW9W0DWXCPYE,0
234,A2H321P1NSEW35,2
213,A3NU1SQPI1NXY4,1
355,ATQWZNGQCN1RA,0
265,A1VW9W0DWXCPYE,1
311,ATQWZNGQCN1RA,1
530,A2V3P1XE33NYC3,2
149,AKBP92VUQ7G3,0
576,A3E157ZN8XPUKJ,1
446,AD317NO9623GZ,0
175,A2AM6H3R1LSM9S,0
217,A3E157ZN8XPUKJ,0
464,AKBP92VUQ7G3,0
142,AD317NO9623GZ,0
539,A2UFD1I8ZO1V4G,0
72,A3E157ZN8XPUKJ,0
458,AKBP92VUQ7G3,3
216,A3NU1SQPI1NXY4,2
270,A3NU1SQPI1NXY4,1
472,AD317NO9623GZ,2
544,ATQWZNGQCN1RA,0
168,ATQWZNGQCN1RA,0
198,AWRAXV1RIYR0M,0
379,AM2W23THD4CI7,0
136,A2V3P1XE33NYC3,1
214,ATQWZNGQCN1RA,0
115,A1VW9W0DWXCPYE,0
355,AKBP92VUQ7G3,0
577,A1VW9W0DWXCPYE,0
109,A2V3P1XE33NYC3,2
249,A2H321P1NSEW35,0
455,A3E157ZN8XPUKJ,0
245,A1PAR1TMKFPKQE,3
31,A2UFD1I8ZO1V4G,3
204,A3E157ZN8XPUKJ,2
41,ATQWZNGQCN1RA,3
447,ATQWZNGQCN1RA,0
223,A1BHMDRWW9ZYSO,0
256,AKBP92VUQ7G3,0
297,A3E157ZN8XPUKJ,0
305,AKBP92VUQ7G3,0
525,ATQWZNGQCN1RA,2
345,A2V3P1XE33NYC3,0
376,AD317NO9623GZ,2
107,A1PAR1TMKFPKQE,0
461,A2H321P1NSEW35,0
45,A2H321P1NSEW35,3
457,A2V3P1XE33NYC3,1
114,A2UFD1I8ZO1V4G,3
200,AD317NO9623GZ,1
388,A356EVHB3TU90R,0
517,A3E157ZN8XPUKJ,3
75,ATQWZNGQCN1RA,2
430,AD317NO9623GZ,1
17,A2AM6H3R1LSM9S,0
525,A2UFD1I8ZO1V4G,0
570,A3NU1SQPI1NXY4,1
155,ATQWZNGQCN1RA,0
341,A2F0X4LN9N4O4C,0
387,A356EVHB3TU90R,3
160,A3NU1SQPI1NXY4,0
126,A2UFD1I8ZO1V4G,0
242,AD317NO9623GZ,0
281,A2H321P1NSEW35,0
496,A3NU1SQPI1NXY4,2
430,A2UFD1I8ZO1V4G,1
413,A3E157ZN8XPUKJ,2
332,AKBP92VUQ7G3,0
20,A2UFD1I8ZO1V4G,0
31,AKBP92VUQ7G3,0
526,A1VW9W0DWXCPYE,1
31,A1PAR1TMKFPKQE,0
487,A3NU1SQPI1NXY4,1
307,AKBP92VUQ7G3,1
160,A2V3P1XE33NYC3,2
156,A3KAJ085J9OR0Z,1
202,A1KZOLS51I9SS7,0
401,A2UFD1I8ZO1V4G,0
51,A2UFD1I8ZO1V4G,3
8,A2UFD1I8ZO1V4G,2
74,AD317NO9623GZ,0
526,A2UFD1I8ZO1V4G,1
232,AM2W23THD4CI7,1
226,A2UFD1I8ZO1V4G,1
270,A36JZTUKQVV5S5,1
179,AD317NO9623GZ,3
503,A1VW9W0DWXCPYE,0
390,AWRAXV1RIYR0M,0
342,A2F0X4LN9N4O4C,1
469,A2V3P1XE33NYC3,2
271,A3NU1SQPI1NXY4,0
83,AKBP92VUQ7G3,2
225,A2V3P1XE33NYC3,3
257,A3KAJ085J9OR0Z,1
59,A2AM6H3R1LSM9S,3
203,AD317NO9623GZ,2
480,A2UFD1I8ZO1V4G,1
530,AD317NO9623GZ,0
13,A2H321P1NSEW35,0
412,AKBP92VUQ7G3,3
179,A3NU1SQPI1NXY4,0
513,A3E157ZN8XPUKJ,0
32,A3GLUDQZGEJL5G,3
25,A3NU1SQPI1NXY4,1
560,A1BHMDRWW9ZYSO,1
318,A3E157ZN8XPUKJ,3
40,A3NU1SQPI1NXY4,0
374,A2UFD1I8ZO1V4G,3
506,ATQWZNGQCN1RA,2
181,A1PAR1TMKFPKQE,0
417,ATQWZNGQCN1RA,0
118,A3NU1SQPI1NXY4,3
160,AD317NO9623GZ,0
59,AKBP92VUQ7G3,0
531,A1PAR1TMKFPKQE,2
77,AD317NO9623GZ,2
52,ATQWZNGQCN1RA,1
42,AM2W23THD4CI7,1
116,A1BHMDRWW9ZYSO,0
148,AY5QPUSEADPBG,2
428,A3NU1SQPI1NXY4,0
29,A356EVHB3TU90R,0
191,A1C0Z73809FFDZ,2
110,A3NU1SQPI1NXY4,1
252,AKBP92VUQ7G3,1
67,A3E157ZN8XPUKJ,0
127,A1PAR1TMKFPKQE,2
63,A2UFD1I8ZO1V4G,3
175,A1PAR1TMKFPKQE,0
265,A1C0Z73809FFDZ,1
477,A3NU1SQPI1NXY4,1
404,AD317NO9623GZ,0
233,A2V3P1XE33NYC3,0
39,A2AM6H3R1LSM9S,2
138,A2H321P1NSEW35,0
220,A2H321P1NSEW35,1
456,AKBP92VUQ7G3,0
85,AKBP92VUQ7G3,1
87,A1PAR1TMKFPKQE,2
450,A53VNQRRFQ785,0
355,A3NU1SQPI1NXY4,0
8,A2AM6H3R1LSM9S,3
460,A1PAR1TMKFPKQE,0
457,A2UFD1I8ZO1V4G,1
51,A3NU1SQPI1NXY4,0
357,A3NU1SQPI1NXY4,0
187,ATQWZNGQCN1RA,2
528,AD317NO9623GZ,2
422,AKBP92VUQ7G3,0
246,A1PAR1TMKFPKQE,2
555,AKBP92VUQ7G3,0
438,A2UFD1I8ZO1V4G,2
385,A356EVHB3TU90R,0
307,A3E157ZN8XPUKJ,1
465,AD317NO9623GZ,1
314,A2V3P1XE33NYC3,0
415,ATQWZNGQCN1RA,0
533,AKBP92VUQ7G3,0
332,A2V3P1XE33NYC3,0
235,AKBP92VUQ7G3,1
146,A2UFD1I8ZO1V4G,1
224,A3GLUDQZGEJL5G,1
247,A3NU1SQPI1NXY4,0
287,A3NU1SQPI1NXY4,1
397,A2BERTY629PZDT,0
467,A2UFD1I8ZO1V4G,1
82,AD317NO9623GZ,0
530,A2UFD1I8ZO1V4G,2
43,AKBP92VUQ7G3,0
413,ATQWZNGQCN1RA,2
486,A2V3P1XE33NYC3,0
312,A1KZOLS51I9SS7,0
569,ATQWZNGQCN1RA,3
118,A2UFD1I8ZO1V4G,2
22,ATQWZNGQCN1RA,0
79,ATQWZNGQCN1RA,0
330,ATQWZNGQCN1RA,1
1,A2V3P1XE33NYC3,2
447,AD317NO9623GZ,3
312,A2V3P1XE33NYC3,3
379,ATQWZNGQCN1RA,0
183,A3NU1SQPI1NXY4,1
54,A2H321P1NSEW35,1
441,A2V3P1XE33NYC3,1
286,A1C0Z73809FFDZ,0
209,ATQWZNGQCN1RA,0
451,A2V3P1XE33NYC3,1
543,A2UFD1I8ZO1V4G,2
181,AKBP92VUQ7G3,0
510,AKBP92VUQ7G3,1
152,A3NU1SQPI1NXY4,0
353,ATQWZNGQCN1RA,1
56,AY5QPUSEADPBG,0
414,A3NU1SQPI1NXY4,2
217,A3NU1SQPI1NXY4,0
254,A2V3P1XE33NYC3,2
258,A53VNQRRFQ785,0
109,AD317NO9623GZ,2
424,A3GLUDQZGEJL5G,0
239,A3NU1SQPI1NXY4,0
297,ATQWZNGQCN1RA,0
563,A2V3P1XE33NYC3,3
408,ATQWZNGQCN1RA,1
376,A2V3P1XE33NYC3,3
247,ATQWZNGQCN1RA,2
353,A1BHMDRWW9ZYSO,1
278,AM2W23THD4CI7,0
42,AKBP92VUQ7G3,1
435,A2H321P1NSEW35,3
488,A3NU1SQPI1NXY4,2
288,AD317NO9623GZ,3
366,A1PAR1TMKFPKQE,3
146,AY5QPUSEADPBG,1
566,AWRAXV1RIYR0M,0
16,A1C0Z73809FFDZ,0
533,AD317NO9623GZ,2
26,AKBP92VUQ7G3,0
471,ATQWZNGQCN1RA,2
184,ATQWZNGQCN1RA,0
201,A1PAR1TMKFPKQE,1
140,A2V3P1XE33NYC3,1
182,A1PAR1TMKFPKQE,0
469,A2H321P1NSEW35,1
361,A3E157ZN8XPUKJ,3
42,A3KAJ085J9OR0Z,1
566,ATQWZNGQCN1RA,0
516,ATQWZNGQCN1RA,0
394,ATQWZNGQCN1RA,0
146,AKBP92VUQ7G3,1
46,A1PAR1TMKFPKQE,3
197,AKBP92VUQ7G3,3
305,A1KZOLS51I9SS7,0
507,ATQWZNGQCN1RA,2
207,A3E157ZN8XPUKJ,1
510,AWRAXV1RIYR0M,1
30,A2UFD1I8ZO1V4G,1
196,A1PAR1TMKFPKQE,1
499,A1PAR1TMKFPKQE,1
28,A2UFD1I8ZO1V4G,3
388,A2H321P1NSEW35,1
147,A1BHMDRWW9ZYSO,2
97,AD317NO9623GZ,3
192,AKBP92VUQ7G3,1
377,AM2W23THD4CI7,0
407,A2V3P1XE33NYC3,2
557,A2V3P1XE33NYC3,0
430,A2H321P1NSEW35,1
232,A3NU1SQPI1NXY4,1
198,A1PAR1TMKFPKQE,0
164,A36JZTUKQVV5S5,3
449,A3NU1SQPI1NXY4,2
558,A1PAR1TMKFPKQE,1
188,AKBP92VUQ7G3,1
557,A3E157ZN8XPUKJ,1
279,A53VNQRRFQ785,3
417,A2H321P1NSEW35,0
409,A2UFD1I8ZO1V4G,2
224,AD317NO9623GZ,1
60,AWRAXV1RIYR0M,0
486,A3E157ZN8XPUKJ,1
347,ATQWZNGQCN1RA,2
197,ATQWZNGQCN1RA,3
62,A3E157ZN8XPUKJ,1
461,A3E157ZN8XPUKJ,0
398,AKBP92VUQ7G3,1
347,AKBP92VUQ7G3,0
149,AM2W23THD4CI7,2
485,AORFXVSW8DDHP,1
6,A3E157ZN8XPUKJ,1
159,AD317NO9623GZ,0
77,A2UFD1I8ZO1V4G,3
136,ATQWZNGQCN1RA,1
284,AD317NO9623GZ,0
520,ATQWZNGQCN1RA,2
412,AD317NO9623GZ,3
448,AD317NO9623GZ,3
544,A3E157ZN8XPUKJ,0
222,AKBP92VUQ7G3,1
267,A3NU1SQPI1NXY4,0
496,AD317NO9623GZ,2
319,AKBP92VUQ7G3,0
121,AKBP92VUQ7G3,0
168,A2V3P1XE33NYC3,3
172,A2V3P1XE33NYC3,0
426,A1PAR1TMKFPKQE,1
148,A3NU1SQPI1NXY4,0
69,A1PAR1TMKFPKQE,3
501,A1PAR1TMKFPKQE,0
414,ATQWZNGQCN1RA,2
130,A3NU1SQPI1NXY4,1
293,AD317NO9623GZ,0
3,A3E157ZN8XPUKJ,0
7,AKBP92VUQ7G3,0
140,ATQWZNGQCN1RA,0
192,A1C0Z73809FFDZ,1
263,A2V3P1XE33NYC3,0
96,A3NU1SQPI1NXY4,2
120,AD317NO9623GZ,0
496,A1VW9W0DWXCPYE,2
142,A2UFD1I8ZO1V4G,0
527,AD317NO9623GZ,1
468,ATQWZNGQCN1RA,3
321,A1PAR1TMKFPKQE,1
567,A1PAR1TMKFPKQE,3
294,A1BHMDRWW9ZYSO,1
191,A3NU1SQPI1NXY4,2
391,AKBP92VUQ7G3,0
380,AKBP92VUQ7G3,0
426,A2V3P1XE33NYC3,1
50,A2V3P1XE33NYC3,0
283,A2V3P1XE33NYC3,1
322,A3NU1SQPI1NXY4,1
275,ATQWZNGQCN1RA,3
464,A2UFD1I8ZO1V4G,0
404,ATQWZNGQCN1RA,0
14,A2V3P1XE33NYC3,1
535,A2V3P1XE33NYC3,1
326,A2V3P1XE33NYC3,1
225,AD317NO9623GZ,3
326,A1KZOLS51I9SS7,1
209,AD317NO9623GZ,0
175,A3E157ZN8XPUKJ,0
63,A1PAR1TMKFPKQE,3
411,AM2W23THD4CI7,0
447,A2V3P1XE33NYC3,3
255,A1BHMDRWW9ZYSO,0
243,A2UFD1I8ZO1V4G,0
187,AM2W23THD4CI7,2
303,A2AM6H3R1LSM9S,0
429,AD317NO9623GZ,2
447,A3UX2FXA3NMJCS,0
207,A2UFD1I8ZO1V4G,3
190,AM2W23THD4CI7,1
127,AKBP92VUQ7G3,2
550,A3E157ZN8XPUKJ,1
242,A2UFD1I8ZO1V4G,0
368,A2V3P1XE33NYC3,2
333,A2H321P1NSEW35,1
453,A2V3P1XE33NYC3,1
369,AKBP92VUQ7G3,0
529,AD317NO9623GZ,1
238,ATQWZNGQCN1RA,0
184,AD317NO9623GZ,2
511,A36JZTUKQVV5S5,0
61,A2UFD1I8ZO1V4G,0
411,A3NU1SQPI1NXY4,0
155,A2V3P1XE33NYC3,3
494,AD317NO9623GZ,1
266,A1BHMDRWW9ZYSO,0
419,A1PAR1TMKFPKQE,2
285,ATQWZNGQCN1RA,0
299,A3E157ZN8XPUKJ,2
303,AD317NO9623GZ,0
291,A3NU1SQPI1NXY4,2
416,A1PAR1TMKFPKQE,0
538,A3NU1SQPI1NXY4,1
313,A1KZOLS51I9SS7,1
244,AD317NO9623GZ,0
373,A2V3P1XE33NYC3,1
384,A2V3P1XE33NYC3,0
455,A2V3P1XE33NYC3,0
100,A3NU1SQPI1NXY4,0
351,AM2W23THD4CI7,0
286,A2V3P1XE33NYC3,0
498,A1PAR1TMKFPKQE,0
30,ATQWZNGQCN1RA,1
230,AKBP92VUQ7G3,0
397,AD317NO9623GZ,1
300,A2AM6H3R1LSM9S,0
571,ATQWZNGQCN1RA,0
181,A2UFD1I8ZO1V4G,3
117,ATQWZNGQCN1RA,2
245,A2UFD1I8ZO1V4G,1
57,A2AM6H3R1LSM9S,0
1,AKBP92VUQ7G3,0
371,AKBP92VUQ7G3,1
133,ATQWZNGQCN1RA,3
70,A1PAR1TMKFPKQE,0
558,A1BHMDRWW9ZYSO,1
2,AWRAXV1RIYR0M,0
318,A2H321P1NSEW35,0
353,A1PAR1TMKFPKQE,1
211,AD317NO9623GZ,0
380,ATQWZNGQCN1RA,0
300,A2UFD1I8ZO1V4G,1
73,A2F0X4LN9N4O4C,3
233,A3NU1SQPI1NXY4,0
262,A1PAR1TMKFPKQE,0
103,A2UFD1I8ZO1V4G,0
107,A1BHMDRWW9ZYSO,0
317,A2UFD1I8ZO1V4G,2
125,A1PAR1TMKFPKQE,1
344,ATQWZNGQCN1RA,0
535,A3E157ZN8XPUKJ,1
334,AD317NO9623GZ,0
116,AKBP92VUQ7G3,2
32,ATQWZNGQCN1RA,3
196,A1BHMDRWW9ZYSO,1
29,ATQWZNGQCN1RA,2
364,AD317NO9623GZ,0
426,AKBP92VUQ7G3,1
290,A2H321P1NSEW35,0
455,A1PAR1TMKFPKQE,0
28,ATQWZNGQCN1RA,0
24,A3E157ZN8XPUKJ,0
235,A3NU1SQPI1NXY4,1
560,ATQWZNGQCN1RA,1
423,A2UFD1I8ZO1V4G,1
252,AD317NO9623GZ,3
212,A2V3P1XE33NYC3,1
411,A2V3P1XE33NYC3,0
392,ATQWZNGQCN1RA,1
350,A2V3P1XE33NYC3,3
377,A2UFD1I8ZO1V4G,1
532,A2UFD1I8ZO1V4G,0
352,A2V3P1XE33NYC3,0
563,A2AM6H3R1LSM9S,3
545,A2V3P1XE33NYC3,3
479,ATQWZNGQCN1RA,3
42,AD317NO9623GZ,1
375,A2V3P1XE33NYC3,3
187,AD317NO9623GZ,2
429,A2H321P1NSEW35,2
141,A2V3P1XE33NYC3,1
229,A2V3P1XE33NYC3,2
573,A1PAR1TMKFPKQE,0
319,A2UFD1I8ZO1V4G,3
571,A2V3P1XE33NYC3,0
484,A2V3P1XE33NYC3,0
482,AD317NO9623GZ,0
398,A2UFD1I8ZO1V4G,1
401,AD317NO9623GZ,0
137,A3NU1SQPI1NXY4,0
282,A3NU1SQPI1NXY4,3
547,A2V3P1XE33NYC3,0
322,A2V3P1XE33NYC3,1
352,ATQWZNGQCN1RA,1
429,A2UFD1I8ZO1V4G,2
264,A3E157ZN8XPUKJ,1
531,A3NU1SQPI1NXY4,2
363,ATQWZNGQCN1RA,0
145,A3NU1SQPI1NXY4,0
173,AD317NO9623GZ,3
59,A2V3P1XE33NYC3,3
49,A2V3P1XE33NYC3,1
393,AD317NO9623GZ,1
159,A3NU1SQPI1NXY4,0
529,A53VNQRRFQ785,1
200,A2UFD1I8ZO1V4G,1
565,A2V3P1XE33NYC3,0
258,A2H321P1NSEW35,0
23,A3E157ZN8XPUKJ,1
197,AD317NO9623GZ,3
392,A3E157ZN8XPUKJ,1
124,A2UFD1I8ZO1V4G,3
292,AKBP92VUQ7G3,1
36,AKBP92VUQ7G3,0
339,A2UFD1I8ZO1V4G,2
219,A3NU1SQPI1NXY4,0
413,AD317NO9623GZ,2
62,AKBP92VUQ7G3,1
119,AD317NO9623GZ,1
231,AD317NO9623GZ,1
462,ATQWZNGQCN1RA,0
98,A3NU1SQPI1NXY4,1
250,A3NU1SQPI1NXY4,0
324,A1PAR1TMKFPKQE,0
387,A1C0Z73809FFDZ,3
361,AD317NO9623GZ,2
270,ATQWZNGQCN1RA,0
547,A3NU1SQPI1NXY4,0
340,AD317NO9623GZ,1
64,A1PAR1TMKFPKQE,0
523,AKBP92VUQ7G3,0
508,AD317NO9623GZ,2
485,A3E157ZN8XPUKJ,1
34,A2UFD1I8ZO1V4G,3
503,A3NU1SQPI1NXY4,3
352,AM2W23THD4CI7,0
46,A2UFD1I8ZO1V4G,0
488,AD317NO9623GZ,2
355,AD317NO9623GZ,0
154,AD317NO9623GZ,0
325,A3NU1SQPI1NXY4,0
70,A3E157ZN8XPUKJ,0
415,A2V3P1XE33NYC3,1
559,AKBP92VUQ7G3,0
579,A2UFD1I8ZO1V4G,0
335,A2UFD1I8ZO1V4G,3
471,A2H321P1NSEW35,0
249,A1C0Z73809FFDZ,0
412,A2V3P1XE33NYC3,3
245,A2V3P1XE33NYC3,1
338,A36JZTUKQVV5S5,0
45,ATQWZNGQCN1RA,2
498,A1BHMDRWW9ZYSO,0
110,ATQWZNGQCN1RA,1
43,A1PAR1TMKFPKQE,3
433,A2UFD1I8ZO1V4G,3
282,A2UFD1I8ZO1V4G,0
257,A3NU1SQPI1NXY4,1
583,A2H321P1NSEW35,0
45,A2UFD1I8ZO1V4G,2
536,AKBP92VUQ7G3,0
437,A2UFD1I8ZO1V4G,2
334,A2V3P1XE33NYC3,0
144,AKBP92VUQ7G3,0
129,A3E157ZN8XPUKJ,1
16,A2V3P1XE33NYC3,2
153,A2V3P1XE33NYC3,0
533,A3E157ZN8XPUKJ,0
408,A1VW9W0DWXCPYE,1
139,AKBP92VUQ7G3,0
561,ATQWZNGQCN1RA,1
335,A1PAR1TMKFPKQE,0
523,A2UFD1I8ZO1V4G,2
399,A3NU1SQPI1NXY4,0
158,AKBP92VUQ7G3,0
341,A2V3P1XE33NYC3,0
167,A1PAR1TMKFPKQE,0
50,AD317NO9623GZ,0
549,AKBP92VUQ7G3,2
556,A2AM6H3R1LSM9S,0
339,ATQWZNGQCN1RA,0
130,A3E157ZN8XPUKJ,1
546,A2H321P1NSEW35,3
282,A2V3P1XE33NYC3,3
83,A2V3P1XE33NYC3,2
133,AWRAXV1RIYR0M,0
522,AD317NO9623GZ,1
405,A3E157ZN8XPUKJ,3
374,AD317NO9623GZ,0
305,A2V3P1XE33NYC3,3
550,A2V3P1XE33NYC3,1
467,ATQWZNGQCN1RA,1
518,AD317NO9623GZ,1
25,AD317NO9623GZ,1
79,A2V3P1XE33NYC3,0
514,AD317NO9623GZ,0
442,A3E157ZN8XPUKJ,3
12,A2BERTY629PZDT,3
259,AKBP92VUQ7G3,3
62,AD317NO9623GZ,1
290,A3NU1SQPI1NXY4,0
572,A2UFD1I8ZO1V4G,0
215,ATQWZNGQCN1RA,2
552,A2V3P1XE33NYC3,0
44,ATQWZNGQCN1RA,0
224,A2UFD1I8ZO1V4G,1
98,ATQWZNGQCN1RA,1
176,A1PAR1TMKFPKQE,2
156,AKBP92VUQ7G3,1
539,AKBP92VUQ7G3,0
359,A3E157ZN8XPUKJ,3
28,A1PAR1TMKFPKQE,3
335,A2H321P1NSEW35,0
56,AKBP92VUQ7G3,0
467,A2V3P1XE33NYC3,1
571,A3E157ZN8XPUKJ,0
301,A3E157ZN8XPUKJ,1
50,ATQWZNGQCN1RA,0
85,A3E157ZN8XPUKJ,1
24,AD317NO9623GZ,2
421,A1KZOLS51I9SS7,0
146,A2V3P1XE33NYC3,1
82,A3NU1SQPI1NXY4,0
570,A2AM6H3R1LSM9S,1
506,A1PAR1TMKFPKQE,0
527,A3NU1SQPI1NXY4,1
160,ATQWZNGQCN1RA,0
452,A1BHMDRWW9ZYSO,2
297,A3NU1SQPI1NXY4,1
386,A2UFD1I8ZO1V4G,0
322,ATQWZNGQCN1RA,1
550,AKBP92VUQ7G3,1
122,ATQWZNGQCN1RA,1
271,A1BHMDRWW9ZYSO,0
474,A1PAR1TMKFPKQE,2
187,A2UFD1I8ZO1V4G,2
92,A2UFD1I8ZO1V4G,1
509,A2V3P1XE33NYC3,1
351,A3NU1SQPI1NXY4,0
422,A2UFD1I8ZO1V4G,3
476,A1PAR1TMKFPKQE,1
4,A2V3P1XE33NYC3,0
67,A2V3P1XE33NYC3,3
54,A2UFD1I8ZO1V4G,3
91,A2V3P1XE33NYC3,3
144,ATQWZNGQCN1RA,0
488,A2V3P1XE33NYC3,2
115,A2UFD1I8ZO1V4G,0
490,A2V3P1XE33NYC3,2
578,A2BERTY629PZDT,1
159,A1PAR1TMKFPKQE,0
65,A2V3P1XE33NYC3,2
162,AD317NO9623GZ,0
240,A2V3P1XE33NYC3,0
144,A3NU1SQPI1NXY4,0
264,A1PAR1TMKFPKQE,3
87,A2UFD1I8ZO1V4G,0
88,AD317NO9623GZ,0
57,ATQWZNGQCN1RA,1
301,A2V3P1XE33NYC3,1
87,A3NU1SQPI1NXY4,0
262,A3NU1SQPI1NXY4,0
40,A3E157ZN8XPUKJ,0
547,A2BERTY629PZDT,1
420,A2V3P1XE33NYC3,1
456,A2UFD1I8ZO1V4G,1
66,A1PAR1TMKFPKQE,1
147,A3NU1SQPI1NXY4,0
231,A3NU1SQPI1NXY4,1
136,A1BHMDRWW9ZYSO,1
348,AWRAXV1RIYR0M,1
397,A2V3P1XE33NYC3,2
102,A2H321P1NSEW35,0
