PrimaryKey, imageName, user, orientation, eye, expression, publishedURL
1, karyadi_left_sad_sunglasses.jpg, karyadi, left, sunglasses, sad, http://vise4.csail.mit.edu/p4/1.jpg
2, karyadi_left_angry_sunglasses.jpg, karyadi, left, sunglasses, angry, http://vise4.csail.mit.edu/p4/2.jpg
3, karyadi_left_neutral_sunglasses.jpg, karyadi, left, sunglasses, neutral, http://vise4.csail.mit.edu/p4/3.jpg
4, karyadi_left_happy_sunglasses.jpg, karyadi, left, sunglasses, happy, http://vise4.csail.mit.edu/p4/4.jpg
5, boland_straight_happy_sunglasses.jpg, boland, straight, sunglasses, happy, http://vise4.csail.mit.edu/p4/5.jpg
6, boland_straight_angry_sunglasses.jpg, boland, straight, sunglasses, angry, http://vise4.csail.mit.edu/p4/6.jpg
7, boland_straight_neutral_sunglasses.jpg, boland, straight, sunglasses, neutral, http://vise4.csail.mit.edu/p4/7.jpg
8, boland_straight_sad_sunglasses.jpg, boland, straight, sunglasses, sad, http://vise4.csail.mit.edu/p4/8.jpg
9, steffi_up_happy_sunglasses.jpg, steffi, up, sunglasses, happy, http://vise4.csail.mit.edu/p4/9.jpg
10, steffi_up_neutral_sunglasses.jpg, steffi, up, sunglasses, neutral, http://vise4.csail.mit.edu/p4/10.jpg
11, steffi_up_angry_sunglasses.jpg, steffi, up, sunglasses, angry, http://vise4.csail.mit.edu/p4/11.jpg
12, steffi_up_sad_sunglasses.jpg, steffi, up, sunglasses, sad, http://vise4.csail.mit.edu/p4/12.jpg
13, an2i_straight_angry_open.jpg, an2i, straight, open, angry, http://vise4.csail.mit.edu/p4/13.jpg
14, an2i_straight_happy_open.jpg, an2i, straight, open, happy, http://vise4.csail.mit.edu/p4/14.jpg
15, an2i_straight_neutral_open.jpg, an2i, straight, open, neutral, http://vise4.csail.mit.edu/p4/15.jpg
16, an2i_straight_sad_open.jpg, an2i, straight, open, sad, http://vise4.csail.mit.edu/p4/16.jpg
17, phoebe_up_angry_sunglasses.jpg, phoebe, up, sunglasses, angry, http://vise4.csail.mit.edu/p4/17.jpg
18, phoebe_up_happy_sunglasses.jpg, phoebe, up, sunglasses, happy, http://vise4.csail.mit.edu/p4/18.jpg
19, phoebe_up_neutral_sunglasses.jpg, phoebe, up, sunglasses, neutral, http://vise4.csail.mit.edu/p4/19.jpg
20, phoebe_up_sad_sunglasses.jpg, phoebe, up, sunglasses, sad, http://vise4.csail.mit.edu/p4/20.jpg
21, glickman_up_angry_sunglasses.jpg, glickman, up, sunglasses, angry, http://vise4.csail.mit.edu/p4/21.jpg
22, glickman_up_neutral_sunglasses.jpg, glickman, up, sunglasses, neutral, http://vise4.csail.mit.edu/p4/22.jpg
23, glickman_up_happy_sunglasses.jpg, glickman, up, sunglasses, happy, http://vise4.csail.mit.edu/p4/23.jpg
24, glickman_up_sad_sunglasses.jpg, glickman, up, sunglasses, sad, http://vise4.csail.mit.edu/p4/24.jpg
25, boland_right_happy_open.jpg, boland, right, open, happy, http://vise4.csail.mit.edu/p4/25.jpg
26, boland_right_neutral_open.jpg, boland, right, open, neutral, http://vise4.csail.mit.edu/p4/26.jpg
27, boland_right_sad_open.jpg, boland, right, open, sad, http://vise4.csail.mit.edu/p4/27.jpg
28, boland_right_angry_open.jpg, boland, right, open, angry, http://vise4.csail.mit.edu/p4/28.jpg
29, glickman_left_sad_open.jpg, glickman, left, open, sad, http://vise4.csail.mit.edu/p4/29.jpg
30, glickman_left_happy_open.jpg, glickman, left, open, happy, http://vise4.csail.mit.edu/p4/30.jpg
31, glickman_left_neutral_open.jpg, glickman, left, open, neutral, http://vise4.csail.mit.edu/p4/31.jpg
32, glickman_left_angry_open.jpg, glickman, left, open, angry, http://vise4.csail.mit.edu/p4/32.jpg
33, kawamura_right_angry_sunglasses.jpg, kawamura, right, sunglasses, angry, http://vise4.csail.mit.edu/p4/33.jpg
34, kawamura_right_happy_sunglasses.jpg, kawamura, right, sunglasses, happy, http://vise4.csail.mit.edu/p4/34.jpg
35, kawamura_right_sad_sunglasses.jpg, kawamura, right, sunglasses, sad, http://vise4.csail.mit.edu/p4/35.jpg
36, kawamura_right_neutral_sunglasses.jpg, kawamura, right, sunglasses, neutral, http://vise4.csail.mit.edu/p4/36.jpg
37, steffi_straight_sad_open.jpg, steffi, straight, open, sad, http://vise4.csail.mit.edu/p4/37.jpg
38, steffi_straight_happy_open.jpg, steffi, straight, open, happy, http://vise4.csail.mit.edu/p4/38.jpg
39, steffi_straight_angry_open.jpg, steffi, straight, open, angry, http://vise4.csail.mit.edu/p4/39.jpg
40, steffi_straight_neutral_open.jpg, steffi, straight, open, neutral, http://vise4.csail.mit.edu/p4/40.jpg
41, kk49_right_sad_open.jpg, kk49, right, open, sad, http://vise4.csail.mit.edu/p4/41.jpg
42, kk49_right_happy_open.jpg, kk49, right, open, happy, http://vise4.csail.mit.edu/p4/42.jpg
43, kk49_right_angry_open.jpg, kk49, right, open, angry, http://vise4.csail.mit.edu/p4/43.jpg
44, kk49_right_neutral_open.jpg, kk49, right, open, neutral, http://vise4.csail.mit.edu/p4/44.jpg
45, kk49_up_neutral_open.jpg, kk49, up, open, neutral, http://vise4.csail.mit.edu/p4/45.jpg
46, kk49_up_sad_open.jpg, kk49, up, open, sad, http://vise4.csail.mit.edu/p4/46.jpg
47, kk49_up_angry_open.jpg, kk49, up, open, angry, http://vise4.csail.mit.edu/p4/47.jpg
48, kk49_up_happy_open.jpg, kk49, up, open, happy, http://vise4.csail.mit.edu/p4/48.jpg
49, saavik_right_happy_open.jpg, saavik, right, open, happy, http://vise4.csail.mit.edu/p4/49.jpg
50, saavik_right_neutral_open.jpg, saavik, right, open, neutral, http://vise4.csail.mit.edu/p4/50.jpg
51, saavik_right_sad_open.jpg, saavik, right, open, sad, http://vise4.csail.mit.edu/p4/51.jpg
52, saavik_right_angry_open.jpg, saavik, right, open, angry, http://vise4.csail.mit.edu/p4/52.jpg
53, saavik_left_neutral_sunglasses.jpg, saavik, left, sunglasses, neutral, http://vise4.csail.mit.edu/p4/53.jpg
54, saavik_left_angry_sunglasses.jpg, saavik, left, sunglasses, angry, http://vise4.csail.mit.edu/p4/54.jpg
55, saavik_left_happy_sunglasses.jpg, saavik, left, sunglasses, happy, http://vise4.csail.mit.edu/p4/55.jpg
56, saavik_left_sad_sunglasses.jpg, saavik, left, sunglasses, sad, http://vise4.csail.mit.edu/p4/56.jpg
57, bpm_right_happy_open.jpg, bpm, right, open, happy, http://vise4.csail.mit.edu/p4/57.jpg
58, bpm_right_sad_open.jpg, bpm, right, open, sad, http://vise4.csail.mit.edu/p4/58.jpg
59, bpm_right_angry_open.jpg, bpm, right, open, angry, http://vise4.csail.mit.edu/p4/59.jpg
60, bpm_right_neutral_open.jpg, bpm, right, open, neutral, http://vise4.csail.mit.edu/p4/60.jpg
61, saavik_left_sad_open.jpg, saavik, left, open, sad, http://vise4.csail.mit.edu/p4/61.jpg
62, saavik_left_happy_open.jpg, saavik, left, open, happy, http://vise4.csail.mit.edu/p4/62.jpg
63, saavik_left_angry_open.jpg, saavik, left, open, angry, http://vise4.csail.mit.edu/p4/63.jpg
64, saavik_left_neutral_open.jpg, saavik, left, open, neutral, http://vise4.csail.mit.edu/p4/64.jpg
65, megak_left_sad_open.jpg, megak, left, open, sad, http://vise4.csail.mit.edu/p4/65.jpg
66, megak_left_happy_open.jpg, megak, left, open, happy, http://vise4.csail.mit.edu/p4/66.jpg
67, megak_left_angry_open.jpg, megak, left, open, angry, http://vise4.csail.mit.edu/p4/67.jpg
68, megak_left_neutral_open.jpg, megak, left, open, neutral, http://vise4.csail.mit.edu/p4/68.jpg
69, tammo_up_sad_sunglasses.jpg, tammo, up, sunglasses, sad, http://vise4.csail.mit.edu/p4/69.jpg
70, tammo_up_neutral_sunglasses.jpg, tammo, up, sunglasses, neutral, http://vise4.csail.mit.edu/p4/70.jpg
71, tammo_up_happy_sunglasses.jpg, tammo, up, sunglasses, happy, http://vise4.csail.mit.edu/p4/71.jpg
72, tammo_up_angry_sunglasses.jpg, tammo, up, sunglasses, angry, http://vise4.csail.mit.edu/p4/72.jpg
73, night_straight_angry_open.jpg, night, straight, open, angry, http://vise4.csail.mit.edu/p4/73.jpg
74, night_straight_neutral_open.jpg, night, straight, open, neutral, http://vise4.csail.mit.edu/p4/74.jpg
75, night_straight_sad_open.jpg, night, straight, open, sad, http://vise4.csail.mit.edu/p4/75.jpg
76, night_straight_happy_open.jpg, night, straight, open, happy, http://vise4.csail.mit.edu/p4/76.jpg
77, night_left_sad_sunglasses.jpg, night, left, sunglasses, sad, http://vise4.csail.mit.edu/p4/77.jpg
78, night_left_angry_sunglasses.jpg, night, left, sunglasses, angry, http://vise4.csail.mit.edu/p4/78.jpg
79, night_left_neutral_sunglasses.jpg, night, left, sunglasses, neutral, http://vise4.csail.mit.edu/p4/79.jpg
80, night_left_happy_sunglasses.jpg, night, left, sunglasses, happy, http://vise4.csail.mit.edu/p4/80.jpg
81, mitchell_left_happy_sunglasses.jpg, mitchell, left, sunglasses, happy, http://vise4.csail.mit.edu/p4/81.jpg
82, mitchell_left_angry_sunglasses.jpg, mitchell, left, sunglasses, angry, http://vise4.csail.mit.edu/p4/82.jpg
83, mitchell_left_sad_sunglasses.jpg, mitchell, left, sunglasses, sad, http://vise4.csail.mit.edu/p4/83.jpg
84, mitchell_left_neutral_sunglasses.jpg, mitchell, left, sunglasses, neutral, http://vise4.csail.mit.edu/p4/84.jpg
85, an2i_up_happy_open.jpg, an2i, up, open, happy, http://vise4.csail.mit.edu/p4/85.jpg
86, an2i_up_angry_open.jpg, an2i, up, open, angry, http://vise4.csail.mit.edu/p4/86.jpg
87, an2i_up_neutral_open.jpg, an2i, up, open, neutral, http://vise4.csail.mit.edu/p4/87.jpg
88, an2i_up_sad_open.jpg, an2i, up, open, sad, http://vise4.csail.mit.edu/p4/88.jpg
89, bpm_straight_neutral_open.jpg, bpm, straight, open, neutral, http://vise4.csail.mit.edu/p4/89.jpg
90, bpm_straight_sad_open.jpg, bpm, straight, open, sad, http://vise4.csail.mit.edu/p4/90.jpg
91, bpm_straight_angry_open.jpg, bpm, straight, open, angry, http://vise4.csail.mit.edu/p4/91.jpg
92, bpm_straight_happy_open.jpg, bpm, straight, open, happy, http://vise4.csail.mit.edu/p4/92.jpg
93, megak_right_happy_open.jpg, megak, right, open, happy, http://vise4.csail.mit.edu/p4/93.jpg
94, megak_right_angry_open.jpg, megak, right, open, angry, http://vise4.csail.mit.edu/p4/94.jpg
95, megak_right_neutral_open.jpg, megak, right, open, neutral, http://vise4.csail.mit.edu/p4/95.jpg
96, megak_right_sad_open.jpg, megak, right, open, sad, http://vise4.csail.mit.edu/p4/96.jpg
97, megak_straight_angry_open.jpg, megak, straight, open, angry, http://vise4.csail.mit.edu/p4/97.jpg
98, megak_straight_happy_open.jpg, megak, straight, open, happy, http://vise4.csail.mit.edu/p4/98.jpg
99, megak_straight_sad_open.jpg, megak, straight, open, sad, http://vise4.csail.mit.edu/p4/99.jpg
100, megak_straight_neutral_open.jpg, megak, straight, open, neutral, http://vise4.csail.mit.edu/p4/100.jpg
101, night_up_sad_sunglasses.jpg, night, up, sunglasses, sad, http://vise4.csail.mit.edu/p4/101.jpg
102, night_up_angry_sunglasses.jpg, night, up, sunglasses, angry, http://vise4.csail.mit.edu/p4/102.jpg
103, night_up_neutral_sunglasses.jpg, night, up, sunglasses, neutral, http://vise4.csail.mit.edu/p4/103.jpg
104, night_up_happy_sunglasses.jpg, night, up, sunglasses, happy, http://vise4.csail.mit.edu/p4/104.jpg
105, sz24_right_angry_sunglasses.jpg, sz24, right, sunglasses, angry, http://vise4.csail.mit.edu/p4/105.jpg
106, sz24_right_happy_sunglasses.jpg, sz24, right, sunglasses, happy, http://vise4.csail.mit.edu/p4/106.jpg
107, sz24_right_neutral_sunglasses.jpg, sz24, right, sunglasses, neutral, http://vise4.csail.mit.edu/p4/107.jpg
108, sz24_right_sad_sunglasses.jpg, sz24, right, sunglasses, sad, http://vise4.csail.mit.edu/p4/108.jpg
109, choon_straight_sad_sunglasses.jpg, choon, straight, sunglasses, sad, http://vise4.csail.mit.edu/p4/109.jpg
110, choon_straight_happy_sunglasses.jpg, choon, straight, sunglasses, happy, http://vise4.csail.mit.edu/p4/110.jpg
111, choon_straight_neutral_sunglasses.jpg, choon, straight, sunglasses, neutral, http://vise4.csail.mit.edu/p4/111.jpg
112, choon_straight_angry_sunglasses.jpg, choon, straight, sunglasses, angry, http://vise4.csail.mit.edu/p4/112.jpg
113, kk49_left_sad_sunglasses.jpg, kk49, left, sunglasses, sad, http://vise4.csail.mit.edu/p4/113.jpg
114, kk49_left_angry_sunglasses.jpg, kk49, left, sunglasses, angry, http://vise4.csail.mit.edu/p4/114.jpg
115, kk49_left_neutral_sunglasses.jpg, kk49, left, sunglasses, neutral, http://vise4.csail.mit.edu/p4/115.jpg
116, kk49_left_happy_sunglasses.jpg, kk49, left, sunglasses, happy, http://vise4.csail.mit.edu/p4/116.jpg
117, night_right_sad_sunglasses.jpg, night, right, sunglasses, sad, http://vise4.csail.mit.edu/p4/117.jpg
118, night_right_angry_sunglasses.jpg, night, right, sunglasses, angry, http://vise4.csail.mit.edu/p4/118.jpg
119, night_right_happy_sunglasses.jpg, night, right, sunglasses, happy, http://vise4.csail.mit.edu/p4/119.jpg
120, night_right_neutral_sunglasses.jpg, night, right, sunglasses, neutral, http://vise4.csail.mit.edu/p4/120.jpg
121, cheyer_straight_neutral_sunglasses.jpg, cheyer, straight, sunglasses, neutral, http://vise4.csail.mit.edu/p4/121.jpg
122, cheyer_straight_happy_sunglasses.jpg, cheyer, straight, sunglasses, happy, http://vise4.csail.mit.edu/p4/122.jpg
123, cheyer_straight_sad_sunglasses.jpg, cheyer, straight, sunglasses, sad, http://vise4.csail.mit.edu/p4/123.jpg
124, cheyer_straight_angry_sunglasses.jpg, cheyer, straight, sunglasses, angry, http://vise4.csail.mit.edu/p4/124.jpg
125, night_left_happy_open.jpg, night, left, open, happy, http://vise4.csail.mit.edu/p4/125.jpg
126, night_left_angry_open.jpg, night, left, open, angry, http://vise4.csail.mit.edu/p4/126.jpg
127, night_left_sad_open.jpg, night, left, open, sad, http://vise4.csail.mit.edu/p4/127.jpg
128, night_left_neutral_open.jpg, night, left, open, neutral, http://vise4.csail.mit.edu/p4/128.jpg
129, sz24_straight_sad_open.jpg, sz24, straight, open, sad, http://vise4.csail.mit.edu/p4/129.jpg
130, sz24_straight_angry_open.jpg, sz24, straight, open, angry, http://vise4.csail.mit.edu/p4/130.jpg
131, sz24_straight_neutral_open.jpg, sz24, straight, open, neutral, http://vise4.csail.mit.edu/p4/131.jpg
132, sz24_straight_happy_open.jpg, sz24, straight, open, happy, http://vise4.csail.mit.edu/p4/132.jpg
133, danieln_right_angry_open.jpg, danieln, right, open, angry, http://vise4.csail.mit.edu/p4/133.jpg
134, danieln_right_neutral_open.jpg, danieln, right, open, neutral, http://vise4.csail.mit.edu/p4/134.jpg
135, danieln_right_sad_open.jpg, danieln, right, open, sad, http://vise4.csail.mit.edu/p4/135.jpg
136, danieln_right_happy_open.jpg, danieln, right, open, happy, http://vise4.csail.mit.edu/p4/136.jpg
137, kk49_right_neutral_sunglasses.jpg, kk49, right, sunglasses, neutral, http://vise4.csail.mit.edu/p4/137.jpg
138, kk49_right_angry_sunglasses.jpg, kk49, right, sunglasses, angry, http://vise4.csail.mit.edu/p4/138.jpg
139, kk49_right_sad_sunglasses.jpg, kk49, right, sunglasses, sad, http://vise4.csail.mit.edu/p4/139.jpg
140, kk49_right_happy_sunglasses.jpg, kk49, right, sunglasses, happy, http://vise4.csail.mit.edu/p4/140.jpg
141, sz24_straight_happy_sunglasses.jpg, sz24, straight, sunglasses, happy, http://vise4.csail.mit.edu/p4/141.jpg
142, sz24_straight_angry_sunglasses.jpg, sz24, straight, sunglasses, angry, http://vise4.csail.mit.edu/p4/142.jpg
143, sz24_straight_sad_sunglasses.jpg, sz24, straight, sunglasses, sad, http://vise4.csail.mit.edu/p4/143.jpg
144, sz24_straight_neutral_sunglasses.jpg, sz24, straight, sunglasses, neutral, http://vise4.csail.mit.edu/p4/144.jpg
145, ch4f_right_neutral_open.jpg, ch4f, right, open, neutral, http://vise4.csail.mit.edu/p4/145.jpg
146, ch4f_right_happy_open.jpg, ch4f, right, open, happy, http://vise4.csail.mit.edu/p4/146.jpg
147, ch4f_right_angry_open.jpg, ch4f, right, open, angry, http://vise4.csail.mit.edu/p4/147.jpg
148, ch4f_right_sad_open.jpg, ch4f, right, open, sad, http://vise4.csail.mit.edu/p4/148.jpg
149, kawamura_left_sad_open.jpg, kawamura, left, open, sad, http://vise4.csail.mit.edu/p4/149.jpg
150, kawamura_left_angry_open.jpg, kawamura, left, open, angry, http://vise4.csail.mit.edu/p4/150.jpg
151, kawamura_left_happy_open.jpg, kawamura, left, open, happy, http://vise4.csail.mit.edu/p4/151.jpg
152, kawamura_left_neutral_open.jpg, kawamura, left, open, neutral, http://vise4.csail.mit.edu/p4/152.jpg
153, boland_left_angry_open.jpg, boland, left, open, angry, http://vise4.csail.mit.edu/p4/153.jpg
154, boland_left_sad_open.jpg, boland, left, open, sad, http://vise4.csail.mit.edu/p4/154.jpg
155, boland_left_neutral_open.jpg, boland, left, open, neutral, http://vise4.csail.mit.edu/p4/155.jpg
156, boland_left_happy_open.jpg, boland, left, open, happy, http://vise4.csail.mit.edu/p4/156.jpg
157, danieln_up_happy_open.jpg, danieln, up, open, happy, http://vise4.csail.mit.edu/p4/157.jpg
158, danieln_up_angry_open.jpg, danieln, up, open, angry, http://vise4.csail.mit.edu/p4/158.jpg
159, danieln_up_sad_open.jpg, danieln, up, open, sad, http://vise4.csail.mit.edu/p4/159.jpg
160, danieln_up_neutral_open.jpg, danieln, up, open, neutral, http://vise4.csail.mit.edu/p4/160.jpg
161, kk49_straight_happy_sunglasses.jpg, kk49, straight, sunglasses, happy, http://vise4.csail.mit.edu/p4/161.jpg
162, kk49_straight_neutral_sunglasses.jpg, kk49, straight, sunglasses, neutral, http://vise4.csail.mit.edu/p4/162.jpg
163, kk49_straight_sad_sunglasses.jpg, kk49, straight, sunglasses, sad, http://vise4.csail.mit.edu/p4/163.jpg
164, kk49_straight_angry_sunglasses.jpg, kk49, straight, sunglasses, angry, http://vise4.csail.mit.edu/p4/164.jpg
165, bpm_up_angry_sunglasses.jpg, bpm, up, sunglasses, angry, http://vise4.csail.mit.edu/p4/165.jpg
166, bpm_up_happy_sunglasses.jpg, bpm, up, sunglasses, happy, http://vise4.csail.mit.edu/p4/166.jpg
167, bpm_up_neutral_sunglasses.jpg, bpm, up, sunglasses, neutral, http://vise4.csail.mit.edu/p4/167.jpg
168, bpm_up_sad_sunglasses.jpg, bpm, up, sunglasses, sad, http://vise4.csail.mit.edu/p4/168.jpg
169, sz24_left_happy_open.jpg, sz24, left, open, happy, http://vise4.csail.mit.edu/p4/169.jpg
170, sz24_left_angry_open.jpg, sz24, left, open, angry, http://vise4.csail.mit.edu/p4/170.jpg
171, sz24_left_sad_open.jpg, sz24, left, open, sad, http://vise4.csail.mit.edu/p4/171.jpg
172, sz24_left_neutral_open.jpg, sz24, left, open, neutral, http://vise4.csail.mit.edu/p4/172.jpg
173, glickman_left_angry_sunglasses.jpg, glickman, left, sunglasses, angry, http://vise4.csail.mit.edu/p4/173.jpg
174, glickman_left_happy_sunglasses.jpg, glickman, left, sunglasses, happy, http://vise4.csail.mit.edu/p4/174.jpg
175, glickman_left_neutral_sunglasses.jpg, glickman, left, sunglasses, neutral, http://vise4.csail.mit.edu/p4/175.jpg
176, glickman_left_sad_sunglasses.jpg, glickman, left, sunglasses, sad, http://vise4.csail.mit.edu/p4/176.jpg
177, at33_up_happy_open.jpg, at33, up, open, happy, http://vise4.csail.mit.edu/p4/177.jpg
178, at33_up_angry_open.jpg, at33, up, open, angry, http://vise4.csail.mit.edu/p4/178.jpg
179, at33_up_sad_open.jpg, at33, up, open, sad, http://vise4.csail.mit.edu/p4/179.jpg
180, at33_up_neutral_open.jpg, at33, up, open, neutral, http://vise4.csail.mit.edu/p4/180.jpg
181, danieln_left_angry_sunglasses.jpg, danieln, left, sunglasses, angry, http://vise4.csail.mit.edu/p4/181.jpg
182, danieln_left_neutral_sunglasses.jpg, danieln, left, sunglasses, neutral, http://vise4.csail.mit.edu/p4/182.jpg
183, danieln_left_happy_sunglasses.jpg, danieln, left, sunglasses, happy, http://vise4.csail.mit.edu/p4/183.jpg
184, danieln_left_sad_sunglasses.jpg, danieln, left, sunglasses, sad, http://vise4.csail.mit.edu/p4/184.jpg
185, cheyer_straight_neutral_open.jpg, cheyer, straight, open, neutral, http://vise4.csail.mit.edu/p4/185.jpg
186, cheyer_straight_angry_open.jpg, cheyer, straight, open, angry, http://vise4.csail.mit.edu/p4/186.jpg
187, cheyer_straight_sad_open.jpg, cheyer, straight, open, sad, http://vise4.csail.mit.edu/p4/187.jpg
188, cheyer_straight_happy_open.jpg, cheyer, straight, open, happy, http://vise4.csail.mit.edu/p4/188.jpg
189, saavik_straight_angry_open.jpg, saavik, straight, open, angry, http://vise4.csail.mit.edu/p4/189.jpg
190, saavik_straight_neutral_open.jpg, saavik, straight, open, neutral, http://vise4.csail.mit.edu/p4/190.jpg
191, saavik_straight_sad_open.jpg, saavik, straight, open, sad, http://vise4.csail.mit.edu/p4/191.jpg
192, saavik_straight_happy_open.jpg, saavik, straight, open, happy, http://vise4.csail.mit.edu/p4/192.jpg
193, mitchell_left_neutral_open.jpg, mitchell, left, open, neutral, http://vise4.csail.mit.edu/p4/193.jpg
194, mitchell_left_sad_open.jpg, mitchell, left, open, sad, http://vise4.csail.mit.edu/p4/194.jpg
195, mitchell_left_angry_open.jpg, mitchell, left, open, angry, http://vise4.csail.mit.edu/p4/195.jpg
196, mitchell_left_happy_open.jpg, mitchell, left, open, happy, http://vise4.csail.mit.edu/p4/196.jpg
197, megak_right_angry_sunglasses.jpg, megak, right, sunglasses, angry, http://vise4.csail.mit.edu/p4/197.jpg
198, megak_right_neutral_sunglasses.jpg, megak, right, sunglasses, neutral, http://vise4.csail.mit.edu/p4/198.jpg
199, megak_right_sad_sunglasses.jpg, megak, right, sunglasses, sad, http://vise4.csail.mit.edu/p4/199.jpg
200, megak_right_happy_sunglasses.jpg, megak, right, sunglasses, happy, http://vise4.csail.mit.edu/p4/200.jpg
201, an2i_left_happy_open.jpg, an2i, left, open, happy, http://vise4.csail.mit.edu/p4/201.jpg
202, an2i_left_angry_open.jpg, an2i, left, open, angry, http://vise4.csail.mit.edu/p4/202.jpg
203, an2i_left_sad_open.jpg, an2i, left, open, sad, http://vise4.csail.mit.edu/p4/203.jpg
204, an2i_left_neutral_open.jpg, an2i, left, open, neutral, http://vise4.csail.mit.edu/p4/204.jpg
205, kawamura_right_neutral_open.jpg, kawamura, right, open, neutral, http://vise4.csail.mit.edu/p4/205.jpg
206, kawamura_right_happy_open.jpg, kawamura, right, open, happy, http://vise4.csail.mit.edu/p4/206.jpg
207, kawamura_right_angry_open.jpg, kawamura, right, open, angry, http://vise4.csail.mit.edu/p4/207.jpg
208, kawamura_right_sad_open.jpg, kawamura, right, open, sad, http://vise4.csail.mit.edu/p4/208.jpg
209, cheyer_up_sad_open.jpg, cheyer, up, open, sad, http://vise4.csail.mit.edu/p4/209.jpg
210, cheyer_up_neutral_open.jpg, cheyer, up, open, neutral, http://vise4.csail.mit.edu/p4/210.jpg
211, cheyer_up_angry_open.jpg, cheyer, up, open, angry, http://vise4.csail.mit.edu/p4/211.jpg
212, cheyer_up_happy_open.jpg, cheyer, up, open, happy, http://vise4.csail.mit.edu/p4/212.jpg
213, boland_up_happy_sunglasses.jpg, boland, up, sunglasses, happy, http://vise4.csail.mit.edu/p4/213.jpg
214, boland_up_neutral_sunglasses.jpg, boland, up, sunglasses, neutral, http://vise4.csail.mit.edu/p4/214.jpg
215, boland_up_angry_sunglasses.jpg, boland, up, sunglasses, angry, http://vise4.csail.mit.edu/p4/215.jpg
216, boland_up_sad_sunglasses.jpg, boland, up, sunglasses, sad, http://vise4.csail.mit.edu/p4/216.jpg
217, danieln_right_sad_sunglasses.jpg, danieln, right, sunglasses, sad, http://vise4.csail.mit.edu/p4/217.jpg
218, danieln_right_angry_sunglasses.jpg, danieln, right, sunglasses, angry, http://vise4.csail.mit.edu/p4/218.jpg
219, danieln_right_neutral_sunglasses.jpg, danieln, right, sunglasses, neutral, http://vise4.csail.mit.edu/p4/219.jpg
220, danieln_right_happy_sunglasses.jpg, danieln, right, sunglasses, happy, http://vise4.csail.mit.edu/p4/220.jpg
221, phoebe_right_neutral_open.jpg, phoebe, right, open, neutral, http://vise4.csail.mit.edu/p4/221.jpg
222, phoebe_right_happy_open.jpg, phoebe, right, open, happy, http://vise4.csail.mit.edu/p4/222.jpg
223, phoebe_right_sad_open.jpg, phoebe, right, open, sad, http://vise4.csail.mit.edu/p4/223.jpg
224, phoebe_right_angry_open.jpg, phoebe, right, open, angry, http://vise4.csail.mit.edu/p4/224.jpg
225, bpm_left_sad_open.jpg, bpm, left, open, sad, http://vise4.csail.mit.edu/p4/225.jpg
226, bpm_left_happy_open.jpg, bpm, left, open, happy, http://vise4.csail.mit.edu/p4/226.jpg
227, bpm_left_angry_open.jpg, bpm, left, open, angry, http://vise4.csail.mit.edu/p4/227.jpg
228, bpm_left_neutral_open.jpg, bpm, left, open, neutral, http://vise4.csail.mit.edu/p4/228.jpg
229, tammo_straight_sad_sunglasses.jpg, tammo, straight, sunglasses, sad, http://vise4.csail.mit.edu/p4/229.jpg
230, tammo_straight_neutral_sunglasses.jpg, tammo, straight, sunglasses, neutral, http://vise4.csail.mit.edu/p4/230.jpg
231, tammo_straight_angry_sunglasses.jpg, tammo, straight, sunglasses, angry, http://vise4.csail.mit.edu/p4/231.jpg
232, tammo_straight_happy_sunglasses.jpg, tammo, straight, sunglasses, happy, http://vise4.csail.mit.edu/p4/232.jpg
233, cheyer_right_neutral_open.jpg, cheyer, right, open, neutral, http://vise4.csail.mit.edu/p4/233.jpg
234, cheyer_right_sad_open.jpg, cheyer, right, open, sad, http://vise4.csail.mit.edu/p4/234.jpg
235, cheyer_right_happy_open.jpg, cheyer, right, open, happy, http://vise4.csail.mit.edu/p4/235.jpg
236, cheyer_right_angry_open.jpg, cheyer, right, open, angry, http://vise4.csail.mit.edu/p4/236.jpg
237, saavik_right_happy_sunglasses.jpg, saavik, right, sunglasses, happy, http://vise4.csail.mit.edu/p4/237.jpg
238, saavik_right_angry_sunglasses.jpg, saavik, right, sunglasses, angry, http://vise4.csail.mit.edu/p4/238.jpg
239, saavik_right_sad_sunglasses.jpg, saavik, right, sunglasses, sad, http://vise4.csail.mit.edu/p4/239.jpg
240, saavik_right_neutral_sunglasses.jpg, saavik, right, sunglasses, neutral, http://vise4.csail.mit.edu/p4/240.jpg
241, ch4f_straight_happy_sunglasses.jpg, ch4f, straight, sunglasses, happy, http://vise4.csail.mit.edu/p4/241.jpg
242, ch4f_straight_angry_sunglasses.jpg, ch4f, straight, sunglasses, angry, http://vise4.csail.mit.edu/p4/242.jpg
243, ch4f_straight_sad_sunglasses.jpg, ch4f, straight, sunglasses, sad, http://vise4.csail.mit.edu/p4/243.jpg
244, ch4f_straight_neutral_sunglasses.jpg, ch4f, straight, sunglasses, neutral, http://vise4.csail.mit.edu/p4/244.jpg
245, kawamura_straight_angry_open.jpg, kawamura, straight, open, angry, http://vise4.csail.mit.edu/p4/245.jpg
246, kawamura_straight_sad_open.jpg, kawamura, straight, open, sad, http://vise4.csail.mit.edu/p4/246.jpg
247, kawamura_straight_neutral_open.jpg, kawamura, straight, open, neutral, http://vise4.csail.mit.edu/p4/247.jpg
248, kawamura_straight_happy_open.jpg, kawamura, straight, open, happy, http://vise4.csail.mit.edu/p4/248.jpg
249, kawamura_left_sad_sunglasses.jpg, kawamura, left, sunglasses, sad, http://vise4.csail.mit.edu/p4/249.jpg
250, kawamura_left_neutral_sunglasses.jpg, kawamura, left, sunglasses, neutral, http://vise4.csail.mit.edu/p4/250.jpg
251, kawamura_left_angry_sunglasses.jpg, kawamura, left, sunglasses, angry, http://vise4.csail.mit.edu/p4/251.jpg
252, kawamura_left_happy_sunglasses.jpg, kawamura, left, sunglasses, happy, http://vise4.csail.mit.edu/p4/252.jpg
253, night_up_angry_open.jpg, night, up, open, angry, http://vise4.csail.mit.edu/p4/253.jpg
254, night_up_happy_open.jpg, night, up, open, happy, http://vise4.csail.mit.edu/p4/254.jpg
255, night_up_sad_open.jpg, night, up, open, sad, http://vise4.csail.mit.edu/p4/255.jpg
256, night_up_neutral_open.jpg, night, up, open, neutral, http://vise4.csail.mit.edu/p4/256.jpg
257, megak_left_happy_sunglasses.jpg, megak, left, sunglasses, happy, http://vise4.csail.mit.edu/p4/257.jpg
258, megak_left_neutral_sunglasses.jpg, megak, left, sunglasses, neutral, http://vise4.csail.mit.edu/p4/258.jpg
259, megak_left_angry_sunglasses.jpg, megak, left, sunglasses, angry, http://vise4.csail.mit.edu/p4/259.jpg
260, megak_left_sad_sunglasses.jpg, megak, left, sunglasses, sad, http://vise4.csail.mit.edu/p4/260.jpg
261, an2i_left_neutral_sunglasses.jpg, an2i, left, sunglasses, neutral, http://vise4.csail.mit.edu/p4/261.jpg
262, an2i_left_angry_sunglasses.jpg, an2i, left, sunglasses, angry, http://vise4.csail.mit.edu/p4/262.jpg
263, an2i_left_sad_sunglasses.jpg, an2i, left, sunglasses, sad, http://vise4.csail.mit.edu/p4/263.jpg
264, an2i_left_happy_sunglasses.jpg, an2i, left, sunglasses, happy, http://vise4.csail.mit.edu/p4/264.jpg
265, megak_up_happy_open.jpg, megak, up, open, happy, http://vise4.csail.mit.edu/p4/265.jpg
266, megak_up_angry_open.jpg, megak, up, open, angry, http://vise4.csail.mit.edu/p4/266.jpg
267, megak_up_neutral_open.jpg, megak, up, open, neutral, http://vise4.csail.mit.edu/p4/267.jpg
268, megak_up_sad_open.jpg, megak, up, open, sad, http://vise4.csail.mit.edu/p4/268.jpg
269, karyadi_up_angry_open.jpg, karyadi, up, open, angry, http://vise4.csail.mit.edu/p4/269.jpg
270, karyadi_up_happy_open.jpg, karyadi, up, open, happy, http://vise4.csail.mit.edu/p4/270.jpg
271, karyadi_up_sad_open.jpg, karyadi, up, open, sad, http://vise4.csail.mit.edu/p4/271.jpg
272, karyadi_up_neutral_open.jpg, karyadi, up, open, neutral, http://vise4.csail.mit.edu/p4/272.jpg
273, tammo_left_neutral_open.jpg, tammo, left, open, neutral, http://vise4.csail.mit.edu/p4/273.jpg
274, tammo_left_angry_open.jpg, tammo, left, open, angry, http://vise4.csail.mit.edu/p4/274.jpg
275, tammo_left_sad_open.jpg, tammo, left, open, sad, http://vise4.csail.mit.edu/p4/275.jpg
276, tammo_left_happy_open.jpg, tammo, left, open, happy, http://vise4.csail.mit.edu/p4/276.jpg
277, steffi_left_sad_open.jpg, steffi, left, open, sad, http://vise4.csail.mit.edu/p4/277.jpg
278, steffi_left_neutral_open.jpg, steffi, left, open, neutral, http://vise4.csail.mit.edu/p4/278.jpg
279, steffi_left_angry_open.jpg, steffi, left, open, angry, http://vise4.csail.mit.edu/p4/279.jpg
280, steffi_left_happy_open.jpg, steffi, left, open, happy, http://vise4.csail.mit.edu/p4/280.jpg
281, steffi_right_angry_open.jpg, steffi, right, open, angry, http://vise4.csail.mit.edu/p4/281.jpg
282, steffi_right_sad_open.jpg, steffi, right, open, sad, http://vise4.csail.mit.edu/p4/282.jpg
283, steffi_right_happy_open.jpg, steffi, right, open, happy, http://vise4.csail.mit.edu/p4/283.jpg
284, steffi_right_neutral_open.jpg, steffi, right, open, neutral, http://vise4.csail.mit.edu/p4/284.jpg
285, mitchell_right_sad_open.jpg, mitchell, right, open, sad, http://vise4.csail.mit.edu/p4/285.jpg
286, mitchell_right_neutral_open.jpg, mitchell, right, open, neutral, http://vise4.csail.mit.edu/p4/286.jpg
287, mitchell_right_happy_open.jpg, mitchell, right, open, happy, http://vise4.csail.mit.edu/p4/287.jpg
288, mitchell_right_angry_open.jpg, mitchell, right, open, angry, http://vise4.csail.mit.edu/p4/288.jpg
289, choon_right_happy_open.jpg, choon, right, open, happy, http://vise4.csail.mit.edu/p4/289.jpg
290, choon_right_neutral_open.jpg, choon, right, open, neutral, http://vise4.csail.mit.edu/p4/290.jpg
291, choon_right_sad_open.jpg, choon, right, open, sad, http://vise4.csail.mit.edu/p4/291.jpg
292, choon_right_angry_open.jpg, choon, right, open, angry, http://vise4.csail.mit.edu/p4/292.jpg
293, danieln_straight_sad_open.jpg, danieln, straight, open, sad, http://vise4.csail.mit.edu/p4/293.jpg
294, danieln_straight_happy_open.jpg, danieln, straight, open, happy, http://vise4.csail.mit.edu/p4/294.jpg
295, danieln_straight_angry_open.jpg, danieln, straight, open, angry, http://vise4.csail.mit.edu/p4/295.jpg
296, danieln_straight_neutral_open.jpg, danieln, straight, open, neutral, http://vise4.csail.mit.edu/p4/296.jpg
297, kk49_left_neutral_open.jpg, kk49, left, open, neutral, http://vise4.csail.mit.edu/p4/297.jpg
298, kk49_left_happy_open.jpg, kk49, left, open, happy, http://vise4.csail.mit.edu/p4/298.jpg
299, kk49_left_sad_open.jpg, kk49, left, open, sad, http://vise4.csail.mit.edu/p4/299.jpg
300, kk49_left_angry_open.jpg, kk49, left, open, angry, http://vise4.csail.mit.edu/p4/300.jpg
301, cheyer_right_happy_sunglasses.jpg, cheyer, right, sunglasses, happy, http://vise4.csail.mit.edu/p4/301.jpg
302, cheyer_right_sad_sunglasses.jpg, cheyer, right, sunglasses, sad, http://vise4.csail.mit.edu/p4/302.jpg
303, cheyer_right_neutral_sunglasses.jpg, cheyer, right, sunglasses, neutral, http://vise4.csail.mit.edu/p4/303.jpg
304, cheyer_right_angry_sunglasses.jpg, cheyer, right, sunglasses, angry, http://vise4.csail.mit.edu/p4/304.jpg
305, ch4f_straight_angry_open.jpg, ch4f, straight, open, angry, http://vise4.csail.mit.edu/p4/305.jpg
306, ch4f_straight_sad_open.jpg, ch4f, straight, open, sad, http://vise4.csail.mit.edu/p4/306.jpg
307, ch4f_straight_happy_open.jpg, ch4f, straight, open, happy, http://vise4.csail.mit.edu/p4/307.jpg
308, ch4f_straight_neutral_open.jpg, ch4f, straight, open, neutral, http://vise4.csail.mit.edu/p4/308.jpg
309, steffi_left_neutral_sunglasses.jpg, steffi, left, sunglasses, neutral, http://vise4.csail.mit.edu/p4/309.jpg
310, steffi_left_sad_sunglasses.jpg, steffi, left, sunglasses, sad, http://vise4.csail.mit.edu/p4/310.jpg
311, steffi_left_happy_sunglasses.jpg, steffi, left, sunglasses, happy, http://vise4.csail.mit.edu/p4/311.jpg
312, steffi_left_angry_sunglasses.jpg, steffi, left, sunglasses, angry, http://vise4.csail.mit.edu/p4/312.jpg
313, ch4f_up_happy_sunglasses.jpg, ch4f, up, sunglasses, happy, http://vise4.csail.mit.edu/p4/313.jpg
314, ch4f_up_neutral_sunglasses.jpg, ch4f, up, sunglasses, neutral, http://vise4.csail.mit.edu/p4/314.jpg
315, ch4f_up_sad_sunglasses.jpg, ch4f, up, sunglasses, sad, http://vise4.csail.mit.edu/p4/315.jpg
316, ch4f_up_angry_sunglasses.jpg, ch4f, up, sunglasses, angry, http://vise4.csail.mit.edu/p4/316.jpg
317, cheyer_left_sad_sunglasses.jpg, cheyer, left, sunglasses, sad, http://vise4.csail.mit.edu/p4/317.jpg
318, cheyer_left_neutral_sunglasses.jpg, cheyer, left, sunglasses, neutral, http://vise4.csail.mit.edu/p4/318.jpg
319, cheyer_left_angry_sunglasses.jpg, cheyer, left, sunglasses, angry, http://vise4.csail.mit.edu/p4/319.jpg
320, cheyer_left_happy_sunglasses.jpg, cheyer, left, sunglasses, happy, http://vise4.csail.mit.edu/p4/320.jpg
321, at33_straight_happy_open.jpg, at33, straight, open, happy, http://vise4.csail.mit.edu/p4/321.jpg
322, at33_straight_angry_open.jpg, at33, straight, open, angry, http://vise4.csail.mit.edu/p4/322.jpg
323, at33_straight_neutral_open.jpg, at33, straight, open, neutral, http://vise4.csail.mit.edu/p4/323.jpg
324, at33_straight_sad_open.jpg, at33, straight, open, sad, http://vise4.csail.mit.edu/p4/324.jpg
325, ch4f_left_neutral_open.jpg, ch4f, left, open, neutral, http://vise4.csail.mit.edu/p4/325.jpg
326, ch4f_left_happy_open.jpg, ch4f, left, open, happy, http://vise4.csail.mit.edu/p4/326.jpg
327, ch4f_left_sad_open.jpg, ch4f, left, open, sad, http://vise4.csail.mit.edu/p4/327.jpg
328, ch4f_left_angry_open.jpg, ch4f, left, open, angry, http://vise4.csail.mit.edu/p4/328.jpg
329, boland_up_angry_open.jpg, boland, up, open, angry, http://vise4.csail.mit.edu/p4/329.jpg
330, boland_up_happy_open.jpg, boland, up, open, happy, http://vise4.csail.mit.edu/p4/330.jpg
331, boland_up_sad_open.jpg, boland, up, open, sad, http://vise4.csail.mit.edu/p4/331.jpg
332, boland_up_neutral_open.jpg, boland, up, open, neutral, http://vise4.csail.mit.edu/p4/332.jpg
333, an2i_straight_happy_sunglasses.jpg, an2i, straight, sunglasses, happy, http://vise4.csail.mit.edu/p4/333.jpg
334, an2i_straight_neutral_sunglasses.jpg, an2i, straight, sunglasses, neutral, http://vise4.csail.mit.edu/p4/334.jpg
335, an2i_straight_sad_sunglasses.jpg, an2i, straight, sunglasses, sad, http://vise4.csail.mit.edu/p4/335.jpg
336, an2i_straight_angry_sunglasses.jpg, an2i, straight, sunglasses, angry, http://vise4.csail.mit.edu/p4/336.jpg
337, at33_straight_happy_sunglasses.jpg, at33, straight, sunglasses, happy, http://vise4.csail.mit.edu/p4/337.jpg
338, at33_straight_neutral_sunglasses.jpg, at33, straight, sunglasses, neutral, http://vise4.csail.mit.edu/p4/338.jpg
339, at33_straight_sad_sunglasses.jpg, at33, straight, sunglasses, sad, http://vise4.csail.mit.edu/p4/339.jpg
340, at33_straight_angry_sunglasses.jpg, at33, straight, sunglasses, angry, http://vise4.csail.mit.edu/p4/340.jpg
341, at33_left_sad_open.jpg, at33, left, open, sad, http://vise4.csail.mit.edu/p4/341.jpg
342, at33_left_happy_open.jpg, at33, left, open, happy, http://vise4.csail.mit.edu/p4/342.jpg
343, at33_left_angry_open.jpg, at33, left, open, angry, http://vise4.csail.mit.edu/p4/343.jpg
344, at33_left_neutral_open.jpg, at33, left, open, neutral, http://vise4.csail.mit.edu/p4/344.jpg
345, mitchell_straight_neutral_sunglasses.jpg, mitchell, straight, sunglasses, neutral, http://vise4.csail.mit.edu/p4/345.jpg
346, mitchell_straight_angry_sunglasses.jpg, mitchell, straight, sunglasses, angry, http://vise4.csail.mit.edu/p4/346.jpg
347, mitchell_straight_sad_sunglasses.jpg, mitchell, straight, sunglasses, sad, http://vise4.csail.mit.edu/p4/347.jpg
348, mitchell_straight_happy_sunglasses.jpg, mitchell, straight, sunglasses, happy, http://vise4.csail.mit.edu/p4/348.jpg
349, at33_right_happy_open.jpg, at33, right, open, happy, http://vise4.csail.mit.edu/p4/349.jpg
350, at33_right_angry_open.jpg, at33, right, open, angry, http://vise4.csail.mit.edu/p4/350.jpg
351, at33_right_neutral_open.jpg, at33, right, open, neutral, http://vise4.csail.mit.edu/p4/351.jpg
352, at33_right_sad_open.jpg, at33, right, open, sad, http://vise4.csail.mit.edu/p4/352.jpg
353, tammo_right_happy_sunglasses.jpg, tammo, right, sunglasses, happy, http://vise4.csail.mit.edu/p4/353.jpg
354, tammo_right_neutral_sunglasses.jpg, tammo, right, sunglasses, neutral, http://vise4.csail.mit.edu/p4/354.jpg
355, tammo_right_angry_sunglasses.jpg, tammo, right, sunglasses, angry, http://vise4.csail.mit.edu/p4/355.jpg
356, tammo_right_sad_sunglasses.jpg, tammo, right, sunglasses, sad, http://vise4.csail.mit.edu/p4/356.jpg
357, saavik_straight_sad_sunglasses.jpg, saavik, straight, sunglasses, sad, http://vise4.csail.mit.edu/p4/357.jpg
358, saavik_straight_happy_sunglasses.jpg, saavik, straight, sunglasses, happy, http://vise4.csail.mit.edu/p4/358.jpg
359, saavik_straight_angry_sunglasses.jpg, saavik, straight, sunglasses, angry, http://vise4.csail.mit.edu/p4/359.jpg
360, saavik_straight_neutral_sunglasses.jpg, saavik, straight, sunglasses, neutral, http://vise4.csail.mit.edu/p4/360.jpg
361, at33_up_sad_sunglasses.jpg, at33, up, sunglasses, sad, http://vise4.csail.mit.edu/p4/361.jpg
362, at33_up_angry_sunglasses.jpg, at33, up, sunglasses, angry, http://vise4.csail.mit.edu/p4/362.jpg
363, at33_up_neutral_sunglasses.jpg, at33, up, sunglasses, neutral, http://vise4.csail.mit.edu/p4/363.jpg
364, at33_up_happy_sunglasses.jpg, at33, up, sunglasses, happy, http://vise4.csail.mit.edu/p4/364.jpg
365, glickman_up_happy_open.jpg, glickman, up, open, happy, http://vise4.csail.mit.edu/p4/365.jpg
366, glickman_up_angry_open.jpg, glickman, up, open, angry, http://vise4.csail.mit.edu/p4/366.jpg
367, glickman_up_neutral_open.jpg, glickman, up, open, neutral, http://vise4.csail.mit.edu/p4/367.jpg
368, glickman_up_sad_open.jpg, glickman, up, open, sad, http://vise4.csail.mit.edu/p4/368.jpg
369, kawamura_straight_neutral_sunglasses.jpg, kawamura, straight, sunglasses, neutral, http://vise4.csail.mit.edu/p4/369.jpg
370, kawamura_straight_sad_sunglasses.jpg, kawamura, straight, sunglasses, sad, http://vise4.csail.mit.edu/p4/370.jpg
371, kawamura_straight_angry_sunglasses.jpg, kawamura, straight, sunglasses, angry, http://vise4.csail.mit.edu/p4/371.jpg
372, kawamura_straight_happy_sunglasses.jpg, kawamura, straight, sunglasses, happy, http://vise4.csail.mit.edu/p4/372.jpg
373, bpm_straight_happy_sunglasses.jpg, bpm, straight, sunglasses, happy, http://vise4.csail.mit.edu/p4/373.jpg
374, bpm_straight_neutral_sunglasses.jpg, bpm, straight, sunglasses, neutral, http://vise4.csail.mit.edu/p4/374.jpg
375, bpm_straight_sad_sunglasses.jpg, bpm, straight, sunglasses, sad, http://vise4.csail.mit.edu/p4/375.jpg
376, bpm_straight_angry_sunglasses.jpg, bpm, straight, sunglasses, angry, http://vise4.csail.mit.edu/p4/376.jpg
377, saavik_up_angry_open.jpg, saavik, up, open, angry, http://vise4.csail.mit.edu/p4/377.jpg
378, saavik_up_happy_open.jpg, saavik, up, open, happy, http://vise4.csail.mit.edu/p4/378.jpg
379, saavik_up_neutral_open.jpg, saavik, up, open, neutral, http://vise4.csail.mit.edu/p4/379.jpg
380, saavik_up_sad_open.jpg, saavik, up, open, sad, http://vise4.csail.mit.edu/p4/380.jpg
381, phoebe_up_sad_open.jpg, phoebe, up, open, sad, http://vise4.csail.mit.edu/p4/381.jpg
382, phoebe_up_angry_open.jpg, phoebe, up, open, angry, http://vise4.csail.mit.edu/p4/382.jpg
383, phoebe_up_happy_open.jpg, phoebe, up, open, happy, http://vise4.csail.mit.edu/p4/383.jpg
384, phoebe_up_neutral_open.jpg, phoebe, up, open, neutral, http://vise4.csail.mit.edu/p4/384.jpg
385, phoebe_left_neutral_sunglasses.jpg, phoebe, left, sunglasses, neutral, http://vise4.csail.mit.edu/p4/385.jpg
386, phoebe_left_angry_sunglasses.jpg, phoebe, left, sunglasses, angry, http://vise4.csail.mit.edu/p4/386.jpg
387, phoebe_left_sad_sunglasses.jpg, phoebe, left, sunglasses, sad, http://vise4.csail.mit.edu/p4/387.jpg
388, phoebe_left_happy_sunglasses.jpg, phoebe, left, sunglasses, happy, http://vise4.csail.mit.edu/p4/388.jpg
389, bpm_left_sad_sunglasses.jpg, bpm, left, sunglasses, sad, http://vise4.csail.mit.edu/p4/389.jpg
390, bpm_left_neutral_sunglasses.jpg, bpm, left, sunglasses, neutral, http://vise4.csail.mit.edu/p4/390.jpg
391, bpm_left_angry_sunglasses.jpg, bpm, left, sunglasses, angry, http://vise4.csail.mit.edu/p4/391.jpg
392, bpm_left_happy_sunglasses.jpg, bpm, left, sunglasses, happy, http://vise4.csail.mit.edu/p4/392.jpg
393, tammo_up_happy_open.jpg, tammo, up, open, happy, http://vise4.csail.mit.edu/p4/393.jpg
394, tammo_up_sad_open.jpg, tammo, up, open, sad, http://vise4.csail.mit.edu/p4/394.jpg
395, tammo_up_neutral_open.jpg, tammo, up, open, neutral, http://vise4.csail.mit.edu/p4/395.jpg
396, tammo_up_angry_open.jpg, tammo, up, open, angry, http://vise4.csail.mit.edu/p4/396.jpg
397, tammo_left_sad_sunglasses.jpg, tammo, left, sunglasses, sad, http://vise4.csail.mit.edu/p4/397.jpg
398, tammo_left_happy_sunglasses.jpg, tammo, left, sunglasses, happy, http://vise4.csail.mit.edu/p4/398.jpg
399, tammo_left_neutral_sunglasses.jpg, tammo, left, sunglasses, neutral, http://vise4.csail.mit.edu/p4/399.jpg
400, tammo_left_angry_sunglasses.jpg, tammo, left, sunglasses, angry, http://vise4.csail.mit.edu/p4/400.jpg
401, danieln_up_happy_sunglasses.jpg, danieln, up, sunglasses, happy, http://vise4.csail.mit.edu/p4/401.jpg
402, danieln_up_sad_sunglasses.jpg, danieln, up, sunglasses, sad, http://vise4.csail.mit.edu/p4/402.jpg
403, danieln_up_angry_sunglasses.jpg, danieln, up, sunglasses, angry, http://vise4.csail.mit.edu/p4/403.jpg
404, danieln_up_neutral_sunglasses.jpg, danieln, up, sunglasses, neutral, http://vise4.csail.mit.edu/p4/404.jpg
405, glickman_right_neutral_sunglasses.jpg, glickman, right, sunglasses, neutral, http://vise4.csail.mit.edu/p4/405.jpg
406, glickman_right_angry_sunglasses.jpg, glickman, right, sunglasses, angry, http://vise4.csail.mit.edu/p4/406.jpg
407, glickman_right_sad_sunglasses.jpg, glickman, right, sunglasses, sad, http://vise4.csail.mit.edu/p4/407.jpg
408, glickman_right_happy_sunglasses.jpg, glickman, right, sunglasses, happy, http://vise4.csail.mit.edu/p4/408.jpg
409, glickman_straight_sad_sunglasses.jpg, glickman, straight, sunglasses, sad, http://vise4.csail.mit.edu/p4/409.jpg
410, glickman_straight_happy_sunglasses.jpg, glickman, straight, sunglasses, happy, http://vise4.csail.mit.edu/p4/410.jpg
411, glickman_straight_neutral_sunglasses.jpg, glickman, straight, sunglasses, neutral, http://vise4.csail.mit.edu/p4/411.jpg
412, glickman_straight_angry_sunglasses.jpg, glickman, straight, sunglasses, angry, http://vise4.csail.mit.edu/p4/412.jpg
413, choon_up_neutral_sunglasses.jpg, choon, up, sunglasses, neutral, http://vise4.csail.mit.edu/p4/413.jpg
414, choon_up_sad_sunglasses.jpg, choon, up, sunglasses, sad, http://vise4.csail.mit.edu/p4/414.jpg
415, choon_up_happy_sunglasses.jpg, choon, up, sunglasses, happy, http://vise4.csail.mit.edu/p4/415.jpg
416, choon_up_angry_sunglasses.jpg, choon, up, sunglasses, angry, http://vise4.csail.mit.edu/p4/416.jpg
417, cheyer_up_neutral_sunglasses.jpg, cheyer, up, sunglasses, neutral, http://vise4.csail.mit.edu/p4/417.jpg
418, cheyer_up_angry_sunglasses.jpg, cheyer, up, sunglasses, angry, http://vise4.csail.mit.edu/p4/418.jpg
419, cheyer_up_sad_sunglasses.jpg, cheyer, up, sunglasses, sad, http://vise4.csail.mit.edu/p4/419.jpg
420, cheyer_up_happy_sunglasses.jpg, cheyer, up, sunglasses, happy, http://vise4.csail.mit.edu/p4/420.jpg
421, ch4f_left_neutral_sunglasses.jpg, ch4f, left, sunglasses, neutral, http://vise4.csail.mit.edu/p4/421.jpg
422, ch4f_left_angry_sunglasses.jpg, ch4f, left, sunglasses, angry, http://vise4.csail.mit.edu/p4/422.jpg
423, ch4f_left_happy_sunglasses.jpg, ch4f, left, sunglasses, happy, http://vise4.csail.mit.edu/p4/423.jpg
424, ch4f_left_sad_sunglasses.jpg, ch4f, left, sunglasses, sad, http://vise4.csail.mit.edu/p4/424.jpg
425, steffi_up_angry_open.jpg, steffi, up, open, angry, http://vise4.csail.mit.edu/p4/425.jpg
426, steffi_up_happy_open.jpg, steffi, up, open, happy, http://vise4.csail.mit.edu/p4/426.jpg
427, steffi_up_sad_open.jpg, steffi, up, open, sad, http://vise4.csail.mit.edu/p4/427.jpg
428, steffi_up_neutral_open.jpg, steffi, up, open, neutral, http://vise4.csail.mit.edu/p4/428.jpg
429, boland_straight_sad_open.jpg, boland, straight, open, sad, http://vise4.csail.mit.edu/p4/429.jpg
430, boland_straight_happy_open.jpg, boland, straight, open, happy, http://vise4.csail.mit.edu/p4/430.jpg
431, boland_straight_neutral_open.jpg, boland, straight, open, neutral, http://vise4.csail.mit.edu/p4/431.jpg
432, boland_straight_angry_open.jpg, boland, straight, open, angry, http://vise4.csail.mit.edu/p4/432.jpg
433, bpm_right_sad_sunglasses.jpg, bpm, right, sunglasses, sad, http://vise4.csail.mit.edu/p4/433.jpg
434, bpm_right_neutral_sunglasses.jpg, bpm, right, sunglasses, neutral, http://vise4.csail.mit.edu/p4/434.jpg
435, bpm_right_angry_sunglasses.jpg, bpm, right, sunglasses, angry, http://vise4.csail.mit.edu/p4/435.jpg
436, bpm_right_happy_sunglasses.jpg, bpm, right, sunglasses, happy, http://vise4.csail.mit.edu/p4/436.jpg
437, karyadi_up_happy_sunglasses.jpg, karyadi, up, sunglasses, happy, http://vise4.csail.mit.edu/p4/437.jpg
438, karyadi_up_angry_sunglasses.jpg, karyadi, up, sunglasses, angry, http://vise4.csail.mit.edu/p4/438.jpg
439, karyadi_up_sad_sunglasses.jpg, karyadi, up, sunglasses, sad, http://vise4.csail.mit.edu/p4/439.jpg
440, karyadi_up_neutral_sunglasses.jpg, karyadi, up, sunglasses, neutral, http://vise4.csail.mit.edu/p4/440.jpg
441, choon_right_angry_sunglasses.jpg, choon, right, sunglasses, angry, http://vise4.csail.mit.edu/p4/441.jpg
442, choon_right_sad_sunglasses.jpg, choon, right, sunglasses, sad, http://vise4.csail.mit.edu/p4/442.jpg
443, choon_right_happy_sunglasses.jpg, choon, right, sunglasses, happy, http://vise4.csail.mit.edu/p4/443.jpg
444, choon_right_neutral_sunglasses.jpg, choon, right, sunglasses, neutral, http://vise4.csail.mit.edu/p4/444.jpg
445, an2i_right_happy_sunglasses.jpg, an2i, right, sunglasses, happy, http://vise4.csail.mit.edu/p4/445.jpg
446, an2i_right_angry_sunglasses.jpg, an2i, right, sunglasses, angry, http://vise4.csail.mit.edu/p4/446.jpg
447, an2i_right_sad_sunglasses.jpg, an2i, right, sunglasses, sad, http://vise4.csail.mit.edu/p4/447.jpg
448, an2i_right_neutral_sunglasses.jpg, an2i, right, sunglasses, neutral, http://vise4.csail.mit.edu/p4/448.jpg
449, ch4f_right_angry_sunglasses.jpg, ch4f, right, sunglasses, angry, http://vise4.csail.mit.edu/p4/449.jpg
450, ch4f_right_sad_sunglasses.jpg, ch4f, right, sunglasses, sad, http://vise4.csail.mit.edu/p4/450.jpg
451, ch4f_right_happy_sunglasses.jpg, ch4f, right, sunglasses, happy, http://vise4.csail.mit.edu/p4/451.jpg
452, ch4f_right_neutral_sunglasses.jpg, ch4f, right, sunglasses, neutral, http://vise4.csail.mit.edu/p4/452.jpg
453, phoebe_right_happy_sunglasses.jpg, phoebe, right, sunglasses, happy, http://vise4.csail.mit.edu/p4/453.jpg
454, phoebe_right_sad_sunglasses.jpg, phoebe, right, sunglasses, sad, http://vise4.csail.mit.edu/p4/454.jpg
455, phoebe_right_neutral_sunglasses.jpg, phoebe, right, sunglasses, neutral, http://vise4.csail.mit.edu/p4/455.jpg
456, phoebe_right_angry_sunglasses.jpg, phoebe, right, sunglasses, angry, http://vise4.csail.mit.edu/p4/456.jpg
457, tammo_straight_happy_open.jpg, tammo, straight, open, happy, http://vise4.csail.mit.edu/p4/457.jpg
458, tammo_straight_angry_open.jpg, tammo, straight, open, angry, http://vise4.csail.mit.edu/p4/458.jpg
459, tammo_straight_sad_open.jpg, tammo, straight, open, sad, http://vise4.csail.mit.edu/p4/459.jpg
460, tammo_straight_neutral_open.jpg, tammo, straight, open, neutral, http://vise4.csail.mit.edu/p4/460.jpg
461, steffi_right_neutral_sunglasses.jpg, steffi, right, sunglasses, neutral, http://vise4.csail.mit.edu/p4/461.jpg
462, steffi_right_angry_sunglasses.jpg, steffi, right, sunglasses, angry, http://vise4.csail.mit.edu/p4/462.jpg
463, steffi_right_happy_sunglasses.jpg, steffi, right, sunglasses, happy, http://vise4.csail.mit.edu/p4/463.jpg
464, steffi_right_sad_sunglasses.jpg, steffi, right, sunglasses, sad, http://vise4.csail.mit.edu/p4/464.jpg
465, choon_straight_angry_open.jpg, choon, straight, open, angry, http://vise4.csail.mit.edu/p4/465.jpg
466, choon_straight_sad_open.jpg, choon, straight, open, sad, http://vise4.csail.mit.edu/p4/466.jpg
467, choon_straight_happy_open.jpg, choon, straight, open, happy, http://vise4.csail.mit.edu/p4/467.jpg
468, choon_straight_neutral_open.jpg, choon, straight, open, neutral, http://vise4.csail.mit.edu/p4/468.jpg
469, karyadi_straight_angry_open.jpg, karyadi, straight, open, angry, http://vise4.csail.mit.edu/p4/469.jpg
470, karyadi_straight_happy_open.jpg, karyadi, straight, open, happy, http://vise4.csail.mit.edu/p4/470.jpg
471, karyadi_straight_neutral_open.jpg, karyadi, straight, open, neutral, http://vise4.csail.mit.edu/p4/471.jpg
472, karyadi_straight_sad_open.jpg, karyadi, straight, open, sad, http://vise4.csail.mit.edu/p4/472.jpg
473, cheyer_left_angry_open.jpg, cheyer, left, open, angry, http://vise4.csail.mit.edu/p4/473.jpg
474, cheyer_left_sad_open.jpg, cheyer, left, open, sad, http://vise4.csail.mit.edu/p4/474.jpg
475, cheyer_left_neutral_open.jpg, cheyer, left, open, neutral, http://vise4.csail.mit.edu/p4/475.jpg
476, cheyer_left_happy_open.jpg, cheyer, left, open, happy, http://vise4.csail.mit.edu/p4/476.jpg
477, karyadi_left_sad_open.jpg, karyadi, left, open, sad, http://vise4.csail.mit.edu/p4/477.jpg
478, karyadi_left_neutral_open.jpg, karyadi, left, open, neutral, http://vise4.csail.mit.edu/p4/478.jpg
479, karyadi_left_angry_open.jpg, karyadi, left, open, angry, http://vise4.csail.mit.edu/p4/479.jpg
480, karyadi_left_happy_open.jpg, karyadi, left, open, happy, http://vise4.csail.mit.edu/p4/480.jpg
481, sz24_right_happy_open.jpg, sz24, right, open, happy, http://vise4.csail.mit.edu/p4/481.jpg
482, sz24_right_neutral_open.jpg, sz24, right, open, neutral, http://vise4.csail.mit.edu/p4/482.jpg
483, sz24_right_angry_open.jpg, sz24, right, open, angry, http://vise4.csail.mit.edu/p4/483.jpg
484, sz24_right_sad_open.jpg, sz24, right, open, sad, http://vise4.csail.mit.edu/p4/484.jpg
485, boland_left_happy_sunglasses.jpg, boland, left, sunglasses, happy, http://vise4.csail.mit.edu/p4/485.jpg
486, boland_left_angry_sunglasses.jpg, boland, left, sunglasses, angry, http://vise4.csail.mit.edu/p4/486.jpg
487, boland_left_neutral_sunglasses.jpg, boland, left, sunglasses, neutral, http://vise4.csail.mit.edu/p4/487.jpg
488, boland_left_sad_sunglasses.jpg, boland, left, sunglasses, sad, http://vise4.csail.mit.edu/p4/488.jpg
489, night_right_neutral_open.jpg, night, right, open, neutral, http://vise4.csail.mit.edu/p4/489.jpg
490, night_right_sad_open.jpg, night, right, open, sad, http://vise4.csail.mit.edu/p4/490.jpg
491, night_right_angry_open.jpg, night, right, open, angry, http://vise4.csail.mit.edu/p4/491.jpg
492, night_right_happy_open.jpg, night, right, open, happy, http://vise4.csail.mit.edu/p4/492.jpg
493, choon_up_neutral_open.jpg, choon, up, open, neutral, http://vise4.csail.mit.edu/p4/493.jpg
494, choon_up_angry_open.jpg, choon, up, open, angry, http://vise4.csail.mit.edu/p4/494.jpg
495, choon_up_happy_open.jpg, choon, up, open, happy, http://vise4.csail.mit.edu/p4/495.jpg
496, choon_up_sad_open.jpg, choon, up, open, sad, http://vise4.csail.mit.edu/p4/496.jpg
497, sz24_up_sad_sunglasses.jpg, sz24, up, sunglasses, sad, http://vise4.csail.mit.edu/p4/497.jpg
498, sz24_up_neutral_sunglasses.jpg, sz24, up, sunglasses, neutral, http://vise4.csail.mit.edu/p4/498.jpg
499, sz24_up_happy_sunglasses.jpg, sz24, up, sunglasses, happy, http://vise4.csail.mit.edu/p4/499.jpg
500, sz24_up_angry_sunglasses.jpg, sz24, up, sunglasses, angry, http://vise4.csail.mit.edu/p4/500.jpg
501, karyadi_straight_sad_sunglasses.jpg, karyadi, straight, sunglasses, sad, http://vise4.csail.mit.edu/p4/501.jpg
502, karyadi_straight_happy_sunglasses.jpg, karyadi, straight, sunglasses, happy, http://vise4.csail.mit.edu/p4/502.jpg
503, karyadi_straight_angry_sunglasses.jpg, karyadi, straight, sunglasses, angry, http://vise4.csail.mit.edu/p4/503.jpg
504, karyadi_straight_neutral_sunglasses.jpg, karyadi, straight, sunglasses, neutral, http://vise4.csail.mit.edu/p4/504.jpg
505, an2i_right_happy_open.jpg, an2i, right, open, happy, http://vise4.csail.mit.edu/p4/505.jpg
506, an2i_right_angry_open.jpg, an2i, right, open, angry, http://vise4.csail.mit.edu/p4/506.jpg
507, an2i_right_neutral_open.jpg, an2i, right, open, neutral, http://vise4.csail.mit.edu/p4/507.jpg
508, an2i_right_sad_open.jpg, an2i, right, open, sad, http://vise4.csail.mit.edu/p4/508.jpg
509, kk49_straight_angry_open.jpg, kk49, straight, open, angry, http://vise4.csail.mit.edu/p4/509.jpg
510, kk49_straight_happy_open.jpg, kk49, straight, open, happy, http://vise4.csail.mit.edu/p4/510.jpg
511, kk49_straight_neutral_open.jpg, kk49, straight, open, neutral, http://vise4.csail.mit.edu/p4/511.jpg
512, kk49_straight_sad_open.jpg, kk49, straight, open, sad, http://vise4.csail.mit.edu/p4/512.jpg
513, karyadi_right_angry_open.jpg, karyadi, right, open, angry, http://vise4.csail.mit.edu/p4/513.jpg
514, karyadi_right_neutral_open.jpg, karyadi, right, open, neutral, http://vise4.csail.mit.edu/p4/514.jpg
515, karyadi_right_sad_open.jpg, karyadi, right, open, sad, http://vise4.csail.mit.edu/p4/515.jpg
516, karyadi_right_happy_open.jpg, karyadi, right, open, happy, http://vise4.csail.mit.edu/p4/516.jpg
517, boland_right_angry_sunglasses.jpg, boland, right, sunglasses, angry, http://vise4.csail.mit.edu/p4/517.jpg
518, boland_right_happy_sunglasses.jpg, boland, right, sunglasses, happy, http://vise4.csail.mit.edu/p4/518.jpg
519, boland_right_neutral_sunglasses.jpg, boland, right, sunglasses, neutral, http://vise4.csail.mit.edu/p4/519.jpg
520, boland_right_sad_sunglasses.jpg, boland, right, sunglasses, sad, http://vise4.csail.mit.edu/p4/520.jpg
521, an2i_up_sad_sunglasses.jpg, an2i, up, sunglasses, sad, http://vise4.csail.mit.edu/p4/521.jpg
522, an2i_up_happy_sunglasses.jpg, an2i, up, sunglasses, happy, http://vise4.csail.mit.edu/p4/522.jpg
523, an2i_up_angry_sunglasses.jpg, an2i, up, sunglasses, angry, http://vise4.csail.mit.edu/p4/523.jpg
524, an2i_up_neutral_sunglasses.jpg, an2i, up, sunglasses, neutral, http://vise4.csail.mit.edu/p4/524.jpg
525, choon_left_neutral_open.jpg, choon, left, open, neutral, http://vise4.csail.mit.edu/p4/525.jpg
526, choon_left_angry_open.jpg, choon, left, open, angry, http://vise4.csail.mit.edu/p4/526.jpg
527, choon_left_happy_open.jpg, choon, left, open, happy, http://vise4.csail.mit.edu/p4/527.jpg
528, choon_left_sad_open.jpg, choon, left, open, sad, http://vise4.csail.mit.edu/p4/528.jpg
529, phoebe_straight_happy_open.jpg, phoebe, straight, open, happy, http://vise4.csail.mit.edu/p4/529.jpg
530, phoebe_straight_sad_open.jpg, phoebe, straight, open, sad, http://vise4.csail.mit.edu/p4/530.jpg
531, phoebe_straight_angry_open.jpg, phoebe, straight, open, angry, http://vise4.csail.mit.edu/p4/531.jpg
532, phoebe_straight_neutral_open.jpg, phoebe, straight, open, neutral, http://vise4.csail.mit.edu/p4/532.jpg
533, danieln_left_neutral_open.jpg, danieln, left, open, neutral, http://vise4.csail.mit.edu/p4/533.jpg
534, danieln_left_sad_open.jpg, danieln, left, open, sad, http://vise4.csail.mit.edu/p4/534.jpg
535, danieln_left_happy_open.jpg, danieln, left, open, happy, http://vise4.csail.mit.edu/p4/535.jpg
536, danieln_left_angry_open.jpg, danieln, left, open, angry, http://vise4.csail.mit.edu/p4/536.jpg
537, phoebe_straight_sad_sunglasses.jpg, phoebe, straight, sunglasses, sad, http://vise4.csail.mit.edu/p4/537.jpg
538, phoebe_straight_happy_sunglasses.jpg, phoebe, straight, sunglasses, happy, http://vise4.csail.mit.edu/p4/538.jpg
539, phoebe_straight_angry_sunglasses.jpg, phoebe, straight, sunglasses, angry, http://vise4.csail.mit.edu/p4/539.jpg
540, phoebe_straight_neutral_sunglasses.jpg, phoebe, straight, sunglasses, neutral, http://vise4.csail.mit.edu/p4/540.jpg
541, bpm_up_neutral_open.jpg, bpm, up, open, neutral, http://vise4.csail.mit.edu/p4/541.jpg
542, bpm_up_happy_open.jpg, bpm, up, open, happy, http://vise4.csail.mit.edu/p4/542.jpg
543, bpm_up_sad_open.jpg, bpm, up, open, sad, http://vise4.csail.mit.edu/p4/543.jpg
544, bpm_up_angry_open.jpg, bpm, up, open, angry, http://vise4.csail.mit.edu/p4/544.jpg
545, kk49_up_sad_sunglasses.jpg, kk49, up, sunglasses, sad, http://vise4.csail.mit.edu/p4/545.jpg
546, kk49_up_angry_sunglasses.jpg, kk49, up, sunglasses, angry, http://vise4.csail.mit.edu/p4/546.jpg
547, kk49_up_happy_sunglasses.jpg, kk49, up, sunglasses, happy, http://vise4.csail.mit.edu/p4/547.jpg
548, kk49_up_neutral_sunglasses.jpg, kk49, up, sunglasses, neutral, http://vise4.csail.mit.edu/p4/548.jpg
549, mitchell_up_angry_open.jpg, mitchell, up, open, angry, http://vise4.csail.mit.edu/p4/549.jpg
550, mitchell_up_happy_open.jpg, mitchell, up, open, happy, http://vise4.csail.mit.edu/p4/550.jpg
551, mitchell_up_neutral_open.jpg, mitchell, up, open, neutral, http://vise4.csail.mit.edu/p4/551.jpg
552, mitchell_up_sad_open.jpg, mitchell, up, open, sad, http://vise4.csail.mit.edu/p4/552.jpg
553, ch4f_up_angry_open.jpg, ch4f, up, open, angry, http://vise4.csail.mit.edu/p4/553.jpg
554, ch4f_up_happy_open.jpg, ch4f, up, open, happy, http://vise4.csail.mit.edu/p4/554.jpg
555, ch4f_up_sad_open.jpg, ch4f, up, open, sad, http://vise4.csail.mit.edu/p4/555.jpg
556, ch4f_up_neutral_open.jpg, ch4f, up, open, neutral, http://vise4.csail.mit.edu/p4/556.jpg
557, at33_left_neutral_sunglasses.jpg, at33, left, sunglasses, neutral, http://vise4.csail.mit.edu/p4/557.jpg
558, at33_left_happy_sunglasses.jpg, at33, left, sunglasses, happy, http://vise4.csail.mit.edu/p4/558.jpg
559, at33_left_sad_sunglasses.jpg, at33, left, sunglasses, sad, http://vise4.csail.mit.edu/p4/559.jpg
560, at33_left_angry_sunglasses.jpg, at33, left, sunglasses, angry, http://vise4.csail.mit.edu/p4/560.jpg
561, sz24_up_happy_open.jpg, sz24, up, open, happy, http://vise4.csail.mit.edu/p4/561.jpg
562, sz24_up_neutral_open.jpg, sz24, up, open, neutral, http://vise4.csail.mit.edu/p4/562.jpg
563, sz24_up_angry_open.jpg, sz24, up, open, angry, http://vise4.csail.mit.edu/p4/563.jpg
564, sz24_up_sad_open.jpg, sz24, up, open, sad, http://vise4.csail.mit.edu/p4/564.jpg
565, saavik_up_neutral_sunglasses.jpg, saavik, up, sunglasses, neutral, http://vise4.csail.mit.edu/p4/565.jpg
566, saavik_up_sad_sunglasses.jpg, saavik, up, sunglasses, sad, http://vise4.csail.mit.edu/p4/566.jpg
567, saavik_up_angry_sunglasses.jpg, saavik, up, sunglasses, angry, http://vise4.csail.mit.edu/p4/567.jpg
568, saavik_up_happy_sunglasses.jpg, saavik, up, sunglasses, happy, http://vise4.csail.mit.edu/p4/568.jpg
569, night_straight_angry_sunglasses.jpg, night, straight, sunglasses, angry, http://vise4.csail.mit.edu/p4/569.jpg
570, night_straight_happy_sunglasses.jpg, night, straight, sunglasses, happy, http://vise4.csail.mit.edu/p4/570.jpg
571, night_straight_neutral_sunglasses.jpg, night, straight, sunglasses, neutral, http://vise4.csail.mit.edu/p4/571.jpg
572, night_straight_sad_sunglasses.jpg, night, straight, sunglasses, sad, http://vise4.csail.mit.edu/p4/572.jpg
573, kawamura_up_neutral_sunglasses.jpg, kawamura, up, sunglasses, neutral, http://vise4.csail.mit.edu/p4/573.jpg
574, kawamura_up_angry_sunglasses.jpg, kawamura, up, sunglasses, angry, http://vise4.csail.mit.edu/p4/574.jpg
575, kawamura_up_sad_sunglasses.jpg, kawamura, up, sunglasses, sad, http://vise4.csail.mit.edu/p4/575.jpg
576, kawamura_up_happy_sunglasses.jpg, kawamura, up, sunglasses, happy, http://vise4.csail.mit.edu/p4/576.jpg
577, steffi_straight_neutral_sunglasses.jpg, steffi, straight, sunglasses, neutral, http://vise4.csail.mit.edu/p4/577.jpg
578, steffi_straight_happy_sunglasses.jpg, steffi, straight, sunglasses, happy, http://vise4.csail.mit.edu/p4/578.jpg
579, steffi_straight_angry_sunglasses.jpg, steffi, straight, sunglasses, angry, http://vise4.csail.mit.edu/p4/579.jpg
580, steffi_straight_sad_sunglasses.jpg, steffi, straight, sunglasses, sad, http://vise4.csail.mit.edu/p4/580.jpg
581, at33_right_angry_sunglasses.jpg, at33, right, sunglasses, angry, http://vise4.csail.mit.edu/p4/581.jpg
582, at33_right_neutral_sunglasses.jpg, at33, right, sunglasses, neutral, http://vise4.csail.mit.edu/p4/582.jpg
583, at33_right_sad_sunglasses.jpg, at33, right, sunglasses, sad, http://vise4.csail.mit.edu/p4/583.jpg
584, at33_right_happy_sunglasses.jpg, at33, right, sunglasses, happy, http://vise4.csail.mit.edu/p4/584.jpg
