question,worker,answer
139,ARPJ3NYNHTA31,0
93,A2OY54JKHARPKS,0
382,A2NCIFVGIZESDF,0
268,ARQ4J4TLTPBNC,0
441,A3MZF0DGGS6VEY,0
695,A15MN5MDG4D7Q9,-50
161,A15L6WGIK3VU7N,35
41,ARPJ3NYNHTA31,0
474,A2LRADB3KFT2AO,50
59,AHFO0JTF5WO8J,0
207,A1XUURRBT9RYFW,0
183,A2OY54JKHARPKS,31
622,ARQ4J4TLTPBNC,0
439,A3HA3UOKO2HTOK,0
596,A2NCIFVGIZESDF,30
616,A2KBTYNGUFRB9N,-100
437,A15L6WGIK3VU7N,0
677,A8ERQT8X2HQPK,10
249,A389Z7A60D4L8I,0
620,A15L6WGIK3VU7N,-30
419,ARQ4J4TLTPBNC,0
355,A389Z7A60D4L8I,0
298,A3POYFULMTNW1H,0
159,AHFO0JTF5WO8J,0
233,AHFO0JTF5WO8J,0
357,A1P7VNMICQDNJY,0
312,A1AVJRFM6L0RN8,0
625,A15L6WGIK3VU7N,-40
652,ARQ4J4TLTPBNC,0
352,A389Z7A60D4L8I,0
325,A1XUURRBT9RYFW,0
611,ARQ4J4TLTPBNC,0
311,A1AVJRFM6L0RN8,0
661,ALHOGP0VKKGM3,0
587,A1Q5GERIWS0YJR,0
609,A1LY3NJTYW9TFF,-40
142,A3BD4NONKGONRM,0
474,ARQ4J4TLTPBNC,0
142,ARQ4J4TLTPBNC,0
481,A1757CYJKBGLV2,10
424,A1XUURRBT9RYFW,0
223,ARQ4J4TLTPBNC,0
102,A3POYFULMTNW1H,0
532,A1XUMT8PKEPRR1,0
344,A3MZF0DGGS6VEY,0
429,A2OY54JKHARPKS,0
39,A15L6WGIK3VU7N,0
409,A2KBTYNGUFRB9N,30
657,ARQ4J4TLTPBNC,0
164,AMJY7CKRBEI2A,0
391,A2OY54JKHARPKS,0
150,A15L6WGIK3VU7N,0
498,A2NCIFVGIZESDF,0
538,A1XUMT8PKEPRR1,50
69,ALHOGP0VKKGM3,86
138,A3POYFULMTNW1H,0
472,AZ209ZYWRSIUG,0
565,A1DCEOFAUIDY58,10
311,A2KBTYNGUFRB9N,5
387,A2NCIFVGIZESDF,30
244,ARPJ3NYNHTA31,0
336,A3EKIOVCNYJ9BJ,10
569,ARQ4J4TLTPBNC,0
300,A1VYRD3HO2WDUN,70
287,A1757CYJKBGLV2,0
596,AS51Z6DBWM9JM,20
554,A15L6WGIK3VU7N,0
464,A8ERQT8X2HQPK,0
694,A1Q5GERIWS0YJR,40
658,A3MZF0DGGS6VEY,-25
465,AZ209ZYWRSIUG,0
547,A1P7VNMICQDNJY,15
431,AHFO0JTF5WO8J,70
80,A2NCIFVGIZESDF,20
35,ARQ4J4TLTPBNC,100
578,A1DCEOFAUIDY58,84
114,A1AVJRFM6L0RN8,0
357,A2HNP1YL1IBFMU,100
634,A1XUMT8PKEPRR1,30
472,A2LRADB3KFT2AO,0
291,AS51Z6DBWM9JM,0
394,A2NCIFVGIZESDF,50
540,A3MZF0DGGS6VEY,0
305,A1XUURRBT9RYFW,0
544,A2HNP1YL1IBFMU,0
190,A3POYFULMTNW1H,0
356,A3MZF0DGGS6VEY,0
105,A3POYFULMTNW1H,0
172,A1DCEOFAUIDY58,20
338,A3POYFULMTNW1H,20
113,A3POYFULMTNW1H,0
97,ARQ4J4TLTPBNC,0
409,A1M0SEWUJYX9K0,0
286,A15MN5MDG4D7Q9,10
26,A3POYFULMTNW1H,0
27,A15L6WGIK3VU7N,0
225,A3POYFULMTNW1H,90
492,A2OY54JKHARPKS,0
551,A3HA3UOKO2HTOK,0
304,A1LY3NJTYW9TFF,0
563,A2LRADB3KFT2AO,0
99,ADAGUJNWMEPT6,5
590,A2NCIFVGIZESDF,0
576,A8ERQT8X2HQPK,0
304,A1M0SEWUJYX9K0,0
524,A15L6WGIK3VU7N,0
191,A2NCIFVGIZESDF,0
610,A1LY3NJTYW9TFF,0
612,ADAGUJNWMEPT6,-10
32,ARQ4J4TLTPBNC,0
646,A3HA3UOKO2HTOK,-50
521,A1XUURRBT9RYFW,0
274,AMJY7CKRBEI2A,0
398,A15MN5MDG4D7Q9,0
34,AHFO0JTF5WO8J,40
628,A39APWH62XBLR9,-15
35,A39APWH62XBLR9,0
300,A3POYFULMTNW1H,80
533,A1XUMT8PKEPRR1,0
648,A1A38NLITTAW6C,-76
327,A3EKIOVCNYJ9BJ,10
365,A1DCEOFAUIDY58,0
555,A389Z7A60D4L8I,40
534,ARQ4J4TLTPBNC,0
398,A2OY54JKHARPKS,0
317,A14WWG6NKBDWGP,20
427,A15L6WGIK3VU7N,0
37,AHFO0JTF5WO8J,0
486,A2OY54JKHARPKS,0
373,AMJY7CKRBEI2A,0
377,ARQ4J4TLTPBNC,0
10,A1VYRD3HO2WDUN,0
467,ALHOGP0VKKGM3,0
99,A1AVJRFM6L0RN8,0
303,A1LY3NJTYW9TFF,0
538,A1XUURRBT9RYFW,5
455,A15L6WGIK3VU7N,50
116,A1VYRD3HO2WDUN,50
293,A1Q5GERIWS0YJR,0
77,A8ERQT8X2HQPK,0
426,A15L6WGIK3VU7N,20
467,ARQ4J4TLTPBNC,0
535,AHFO0JTF5WO8J,0
686,A1ZGDXSHUPEQD9,0
645,A2HNP1YL1IBFMU,-40
398,A3POYFULMTNW1H,40
52,A389Z7A60D4L8I,0
372,ARQ4J4TLTPBNC,0
63,A1DCEOFAUIDY58,20
642,ARPJ3NYNHTA31,0
189,A1ZGDXSHUPEQD9,0
276,AZ209ZYWRSIUG,0
198,A1Q5GERIWS0YJR,0
616,A1VYRD3HO2WDUN,-60
377,A2LRADB3KFT2AO,0
155,A3BD4NONKGONRM,0
376,A2LRADB3KFT2AO,0
587,ARQ4J4TLTPBNC,0
8,A1VYRD3HO2WDUN,0
273,AMJY7CKRBEI2A,0
684,A2NCIFVGIZESDF,20
237,AHFO0JTF5WO8J,0
179,A15MN5MDG4D7Q9,0
466,A2LRADB3KFT2AO,0
113,ARQ4J4TLTPBNC,0
313,A1AVJRFM6L0RN8,75
669,A8ERQT8X2HQPK,0
64,A18WNE09USHJSG,0
627,A2OY54JKHARPKS,0
664,ARQ4J4TLTPBNC,0
263,ARQ4J4TLTPBNC,0
678,A15L6WGIK3VU7N,25
372,A15L6WGIK3VU7N,0
487,A1Q5GERIWS0YJR,0
347,ARQ4J4TLTPBNC,100
629,A3EKIOVCNYJ9BJ,80
165,AMJY7CKRBEI2A,0
275,A2LRADB3KFT2AO,20
93,A1Q5GERIWS0YJR,0
158,A15L6WGIK3VU7N,0
684,A3POYFULMTNW1H,90
633,A3TDUHEBFJ53NM,80
520,A3POYFULMTNW1H,70
209,ADAGUJNWMEPT6,0
66,ARQ4J4TLTPBNC,0
156,A3HA3UOKO2HTOK,0
394,A1757CYJKBGLV2,80
568,ARQ4J4TLTPBNC,0
290,A1Q5GERIWS0YJR,0
694,A15MN5MDG4D7Q9,30
32,A2OY54JKHARPKS,0
426,A3TDUHEBFJ53NM,25
682,AZ209ZYWRSIUG,0
538,ARQ4J4TLTPBNC,0
453,A3MZF0DGGS6VEY,0
118,A2KBTYNGUFRB9N,50
515,A1M0SEWUJYX9K0,50
61,A2LRADB3KFT2AO,0
248,A3MZF0DGGS6VEY,0
517,ARQ4J4TLTPBNC,75
406,A1XUURRBT9RYFW,20
215,A1AVJRFM6L0RN8,0
541,A2HNP1YL1IBFMU,10
504,A1LY3NJTYW9TFF,0
700,A1XUURRBT9RYFW,-20
103,A1XUURRBT9RYFW,15
556,A1A38NLITTAW6C,76
119,A2OY54JKHARPKS,0
615,A1M0SEWUJYX9K0,80
277,A8ERQT8X2HQPK,5
501,ADAGUJNWMEPT6,5
473,ARQ4J4TLTPBNC,0
356,A3HA3UOKO2HTOK,0
100,ADAGUJNWMEPT6,25
22,A1XUURRBT9RYFW,0
84,A3POYFULMTNW1H,0
645,A3HA3UOKO2HTOK,-10
646,A2HNP1YL1IBFMU,-80
690,A3POYFULMTNW1H,40
659,A8ERQT8X2HQPK,-25
120,A1XUURRBT9RYFW,0
355,ARQ4J4TLTPBNC,0
301,A2KBTYNGUFRB9N,0
297,AS51Z6DBWM9JM,0
204,A3POYFULMTNW1H,0
624,A15L6WGIK3VU7N,0
386,A2OY54JKHARPKS,0
624,A3EKIOVCNYJ9BJ,0
466,A15L6WGIK3VU7N,0
320,A39APWH62XBLR9,0
651,A1A38NLITTAW6C,0
258,A1P7VNMICQDNJY,40
229,A1XUURRBT9RYFW,0
62,AHFO0JTF5WO8J,0
409,A1AVJRFM6L0RN8,0
347,A1P7VNMICQDNJY,0
76,ALHOGP0VKKGM3,1
239,ARPJ3NYNHTA31,0
419,A2OY54JKHARPKS,0
211,ADAGUJNWMEPT6,5
356,ARQ4J4TLTPBNC,0
451,A2HNP1YL1IBFMU,100
266,A18WNE09USHJSG,10
699,A1LY3NJTYW9TFF,0
138,A2OY54JKHARPKS,0
173,AZ209ZYWRSIUG,20
296,A2OY54JKHARPKS,20
452,A1P7VNMICQDNJY,0
214,ARQ4J4TLTPBNC,0
89,ARQ4J4TLTPBNC,0
249,A3MZF0DGGS6VEY,0
221,A3TDUHEBFJ53NM,0
417,A1LY3NJTYW9TFF,20
527,A1XUURRBT9RYFW,10
322,A3POYFULMTNW1H,30
276,ALHOGP0VKKGM3,6
68,A15L6WGIK3VU7N,0
446,ARQ4J4TLTPBNC,100
569,AMJY7CKRBEI2A,0
258,A3HA3UOKO2HTOK,40
316,ARQ4J4TLTPBNC,0
91,A1Q5GERIWS0YJR,0
152,A1P7VNMICQDNJY,0
38,A39APWH62XBLR9,0
374,A15L6WGIK3VU7N,35
582,A15MN5MDG4D7Q9,20
317,A1M0SEWUJYX9K0,0
465,AHFO0JTF5WO8J,0
606,A1AVJRFM6L0RN8,0
27,A3TDUHEBFJ53NM,0
94,ARQ4J4TLTPBNC,0
236,A2OY54JKHARPKS,0
379,A1ZGDXSHUPEQD9,0
54,A389Z7A60D4L8I,0
535,A3EKIOVCNYJ9BJ,10
255,A2HNP1YL1IBFMU,0
95,A1ZGDXSHUPEQD9,20
598,A1ZGDXSHUPEQD9,0
651,ARQ4J4TLTPBNC,0
269,ALHOGP0VKKGM3,45
619,A39APWH62XBLR9,100
636,A1XUMT8PKEPRR1,0
421,A3POYFULMTNW1H,0
229,A39APWH62XBLR9,0
61,ARQ4J4TLTPBNC,100
438,A3POYFULMTNW1H,0
662,A15L6WGIK3VU7N,0
683,A1ZGDXSHUPEQD9,0
607,A1AVJRFM6L0RN8,0
579,A1Q5GERIWS0YJR,0
243,A3BD4NONKGONRM,0
693,AZ209ZYWRSIUG,0
404,A1AVJRFM6L0RN8,0
395,AS51Z6DBWM9JM,0
505,ADAGUJNWMEPT6,0
595,A2OY54JKHARPKS,0
248,A1A38NLITTAW6C,65
131,AHFO0JTF5WO8J,90
139,ARQ4J4TLTPBNC,0
316,A1VYRD3HO2WDUN,0
480,A15MN5MDG4D7Q9,30
482,A1ZGDXSHUPEQD9,0
179,A1ZGDXSHUPEQD9,0
8,A1XUURRBT9RYFW,0
567,ARQ4J4TLTPBNC,0
146,ARQ4J4TLTPBNC,100
614,A1AVJRFM6L0RN8,0
535,A3TDUHEBFJ53NM,20
319,ARQ4J4TLTPBNC,100
126,A15L6WGIK3VU7N,0
294,A1Q5GERIWS0YJR,0
557,A389Z7A60D4L8I,0
307,A3POYFULMTNW1H,0
529,AHFO0JTF5WO8J,0
685,A1ZGDXSHUPEQD9,0
541,A3HA3UOKO2HTOK,0
442,A3BD4NONKGONRM,0
189,A1Q5GERIWS0YJR,0
402,A1VYRD3HO2WDUN,40
130,A3POYFULMTNW1H,0
622,A39APWH62XBLR9,0
45,A389Z7A60D4L8I,20
371,AZ209ZYWRSIUG,0
272,AMJY7CKRBEI2A,0
169,A2LRADB3KFT2AO,0
697,AS51Z6DBWM9JM,87
491,A2NCIFVGIZESDF,0
11,A14WWG6NKBDWGP,0
363,ALHOGP0VKKGM3,0
433,A2OY54JKHARPKS,30
157,A3BD4NONKGONRM,0
234,A39APWH62XBLR9,20
33,A3TDUHEBFJ53NM,20
560,A18WNE09USHJSG,10
344,A3BD4NONKGONRM,0
630,AHFO0JTF5WO8J,0
592,A2OY54JKHARPKS,0
352,ARPJ3NYNHTA31,0
195,AS51Z6DBWM9JM,20
207,A1AVJRFM6L0RN8,0
405,A1LY3NJTYW9TFF,0
49,A3HA3UOKO2HTOK,0
252,A1P7VNMICQDNJY,0
272,A15L6WGIK3VU7N,0
589,A3POYFULMTNW1H,0
373,ARQ4J4TLTPBNC,0
96,A1Q5GERIWS0YJR,10
678,AMJY7CKRBEI2A,15
126,A1XUURRBT9RYFW,0
97,AS51Z6DBWM9JM,0
665,ALHOGP0VKKGM3,0
72,A1DCEOFAUIDY58,20
498,ARQ4J4TLTPBNC,0
197,A2NCIFVGIZESDF,70
148,ARPJ3NYNHTA31,50
308,A1AVJRFM6L0RN8,0
69,A15L6WGIK3VU7N,0
651,A2HNP1YL1IBFMU,-100
434,A3TDUHEBFJ53NM,20
19,A2OY54JKHARPKS,0
285,A2OY54JKHARPKS,30
658,A3HA3UOKO2HTOK,-40
489,A1757CYJKBGLV2,0
567,A1DCEOFAUIDY58,100
409,A3POYFULMTNW1H,10
245,ARPJ3NYNHTA31,0
514,ARQ4J4TLTPBNC,0
517,A3POYFULMTNW1H,0
251,A1A38NLITTAW6C,0
316,A3POYFULMTNW1H,0
220,A3TDUHEBFJ53NM,0
365,A15L6WGIK3VU7N,0
644,A15L6WGIK3VU7N,0
364,AMJY7CKRBEI2A,0
225,A2OY54JKHARPKS,10
439,ARQ4J4TLTPBNC,0
429,A15L6WGIK3VU7N,0
532,A15L6WGIK3VU7N,0
84,AZ209ZYWRSIUG,0
232,ARQ4J4TLTPBNC,0
53,A2HNP1YL1IBFMU,0
547,A389Z7A60D4L8I,30
687,A1ZGDXSHUPEQD9,0
313,ADAGUJNWMEPT6,5
640,ARPJ3NYNHTA31,-100
328,ARQ4J4TLTPBNC,0
25,A1XUURRBT9RYFW,10
92,ARQ4J4TLTPBNC,100
671,AMJY7CKRBEI2A,-10
54,A1A38NLITTAW6C,0
398,A2NCIFVGIZESDF,0
408,A1AVJRFM6L0RN8,25
292,A2NCIFVGIZESDF,0
310,ARQ4J4TLTPBNC,0
424,AHFO0JTF5WO8J,0
280,A2OY54JKHARPKS,30
688,AZ209ZYWRSIUG,0
260,A18WNE09USHJSG,10
672,ALHOGP0VKKGM3,-12
170,AMJY7CKRBEI2A,0
301,A3POYFULMTNW1H,0
660,AMJY7CKRBEI2A,-70
203,A2KBTYNGUFRB9N,0
162,AHFO0JTF5WO8J,0
7,A1M0SEWUJYX9K0,0
306,A3POYFULMTNW1H,0
537,A3EKIOVCNYJ9BJ,0
644,ARPJ3NYNHTA31,0
25,ARQ4J4TLTPBNC,100
532,A2OY54JKHARPKS,0
561,AMJY7CKRBEI2A,0
199,A1LY3NJTYW9TFF,0
173,ARQ4J4TLTPBNC,0
359,A2LRADB3KFT2AO,0
623,A2OY54JKHARPKS,0
272,A18WNE09USHJSG,20
600,A1VYRD3HO2WDUN,0
174,AHFO0JTF5WO8J,80
280,A1ZGDXSHUPEQD9,0
541,A3MZF0DGGS6VEY,50
171,AMJY7CKRBEI2A,10
264,AZ209ZYWRSIUG,0
268,A2LRADB3KFT2AO,0
357,A15L6WGIK3VU7N,0
493,A1Q5GERIWS0YJR,0
353,ARPJ3NYNHTA31,0
153,A15L6WGIK3VU7N,0
402,A1LY3NJTYW9TFF,0
63,A8ERQT8X2HQPK,0
145,A389Z7A60D4L8I,30
324,A3TDUHEBFJ53NM,0
442,A389Z7A60D4L8I,0
425,A1XUMT8PKEPRR1,50
234,A3POYFULMTNW1H,50
357,A3MZF0DGGS6VEY,0
303,A1XUURRBT9RYFW,0
486,A1ZGDXSHUPEQD9,0
82,A1ZGDXSHUPEQD9,0
511,A1VYRD3HO2WDUN,0
400,A1VYRD3HO2WDUN,0
518,A14WWG6NKBDWGP,20
240,A1P7VNMICQDNJY,100
568,A18WNE09USHJSG,25
478,A18WNE09USHJSG,15
386,A2NCIFVGIZESDF,0
659,A2LRADB3KFT2AO,0
244,A3MZF0DGGS6VEY,0
588,AZ209ZYWRSIUG,0
432,A3POYFULMTNW1H,0
128,AHFO0JTF5WO8J,0
366,ALHOGP0VKKGM3,4
73,A18WNE09USHJSG,25
643,A1A38NLITTAW6C,0
252,A3HA3UOKO2HTOK,0
425,A1XUURRBT9RYFW,10
427,ARQ4J4TLTPBNC,0
522,A3EKIOVCNYJ9BJ,40
390,ARQ4J4TLTPBNC,0
476,AZ209ZYWRSIUG,0
547,A2HNP1YL1IBFMU,40
530,A2OY54JKHARPKS,2
291,A2NCIFVGIZESDF,0
297,A15MN5MDG4D7Q9,0
683,AZ209ZYWRSIUG,0
632,A3TDUHEBFJ53NM,0
176,AHFO0JTF5WO8J,0
310,A1XUURRBT9RYFW,0
406,A14WWG6NKBDWGP,60
486,ARQ4J4TLTPBNC,100
18,A1LY3NJTYW9TFF,10
516,A1VYRD3HO2WDUN,50
477,ARQ4J4TLTPBNC,0
376,AZ209ZYWRSIUG,0
205,A1XUURRBT9RYFW,0
659,A1DCEOFAUIDY58,95
686,A2NCIFVGIZESDF,-70
304,A3POYFULMTNW1H,50
87,A1757CYJKBGLV2,0
262,ALHOGP0VKKGM3,0
34,A1XUMT8PKEPRR1,20
640,A389Z7A60D4L8I,-70
269,A15L6WGIK3VU7N,0
9,A14WWG6NKBDWGP,10
688,A1Q5GERIWS0YJR,0
681,AS51Z6DBWM9JM,80
575,AMJY7CKRBEI2A,0
77,AMJY7CKRBEI2A,20
181,ARQ4J4TLTPBNC,0
417,ADAGUJNWMEPT6,75
206,A1AVJRFM6L0RN8,25
402,A3POYFULMTNW1H,80
264,AMJY7CKRBEI2A,0
411,A1LY3NJTYW9TFF,0
289,A15MN5MDG4D7Q9,0
362,AMJY7CKRBEI2A,0
180,AS51Z6DBWM9JM,0
414,A1XUURRBT9RYFW,0
63,A18WNE09USHJSG,60
688,AS51Z6DBWM9JM,5
164,ARQ4J4TLTPBNC,0
483,AZ209ZYWRSIUG,0
437,A3EKIOVCNYJ9BJ,0
319,A1XUURRBT9RYFW,10
565,ALHOGP0VKKGM3,0
499,A2KBTYNGUFRB9N,40
479,AS51Z6DBWM9JM,10
336,A39APWH62XBLR9,10
79,A1757CYJKBGLV2,0
601,A14WWG6NKBDWGP,-50
574,A1DCEOFAUIDY58,30
194,AZ209ZYWRSIUG,0
600,A1M0SEWUJYX9K0,0
306,ARQ4J4TLTPBNC,0
325,A15L6WGIK3VU7N,0
308,A14WWG6NKBDWGP,0
411,A1AVJRFM6L0RN8,0
577,AZ209ZYWRSIUG,0
369,ARQ4J4TLTPBNC,0
340,A1A38NLITTAW6C,0
357,A3BD4NONKGONRM,0
654,A3BD4NONKGONRM,50
676,A8ERQT8X2HQPK,0
631,A39APWH62XBLR9,-100
94,A15MN5MDG4D7Q9,0
290,A1757CYJKBGLV2,0
55,A3MZF0DGGS6VEY,0
592,AZ209ZYWRSIUG,0
319,AHFO0JTF5WO8J,90
570,AHFO0JTF5WO8J,75
17,ARQ4J4TLTPBNC,0
247,A389Z7A60D4L8I,0
638,A15L6WGIK3VU7N,0
463,A2LRADB3KFT2AO,15
443,A3MZF0DGGS6VEY,25
115,A1VYRD3HO2WDUN,0
596,A1ZGDXSHUPEQD9,0
574,A15L6WGIK3VU7N,0
14,A1AVJRFM6L0RN8,0
501,A2KBTYNGUFRB9N,30
695,A2NCIFVGIZESDF,0
332,A15L6WGIK3VU7N,0
88,AS51Z6DBWM9JM,0
405,A1XUURRBT9RYFW,0
18,A1M0SEWUJYX9K0,15
635,A3TDUHEBFJ53NM,80
12,A1M0SEWUJYX9K0,0
129,AHFO0JTF5WO8J,0
535,A3POYFULMTNW1H,0
185,A2OY54JKHARPKS,30
360,AMJY7CKRBEI2A,0
608,A2KBTYNGUFRB9N,-30
26,A3TDUHEBFJ53NM,0
95,AZ209ZYWRSIUG,80
261,A15L6WGIK3VU7N,0
215,A1XUURRBT9RYFW,0
624,A3TDUHEBFJ53NM,0
549,ARPJ3NYNHTA31,0
663,ARQ4J4TLTPBNC,0
192,AS51Z6DBWM9JM,60
95,ARQ4J4TLTPBNC,100
283,A2OY54JKHARPKS,51
308,A3POYFULMTNW1H,0
215,A2KBTYNGUFRB9N,0
361,AHFO0JTF5WO8J,0
588,A1ZGDXSHUPEQD9,25
176,AMJY7CKRBEI2A,0
369,A18WNE09USHJSG,25
82,A2NCIFVGIZESDF,0
205,A3POYFULMTNW1H,0
446,ARPJ3NYNHTA31,50
30,A3EKIOVCNYJ9BJ,0
15,A1VYRD3HO2WDUN,0
447,A1A38NLITTAW6C,80
128,A3TDUHEBFJ53NM,50
152,A2HNP1YL1IBFMU,0
170,AZ209ZYWRSIUG,0
193,A2OY54JKHARPKS,0
90,AS51Z6DBWM9JM,0
48,A3BD4NONKGONRM,0
109,A1LY3NJTYW9TFF,10
33,A15L6WGIK3VU7N,5
21,A3EKIOVCNYJ9BJ,0
384,A2OY54JKHARPKS,0
682,A1ZGDXSHUPEQD9,0
608,A1VYRD3HO2WDUN,-20
162,A15L6WGIK3VU7N,0
422,A1XUMT8PKEPRR1,0
50,ARQ4J4TLTPBNC,0
372,A1DCEOFAUIDY58,10
623,A39APWH62XBLR9,-50
606,A1XUURRBT9RYFW,-20
317,ADAGUJNWMEPT6,5
394,A15MN5MDG4D7Q9,30
399,A1XUURRBT9RYFW,0
647,A3MZF0DGGS6VEY,100
484,ARQ4J4TLTPBNC,100
53,A3BD4NONKGONRM,0
618,A1VYRD3HO2WDUN,0
69,AHFO0JTF5WO8J,0
75,A2LRADB3KFT2AO,20
659,A18WNE09USHJSG,25
330,A3EKIOVCNYJ9BJ,25
85,AZ209ZYWRSIUG,0
198,A15MN5MDG4D7Q9,20
83,ARQ4J4TLTPBNC,0
487,A1757CYJKBGLV2,0
500,A2KBTYNGUFRB9N,0
415,A3POYFULMTNW1H,0
126,A3EKIOVCNYJ9BJ,40
496,ARQ4J4TLTPBNC,100
583,A1ZGDXSHUPEQD9,0
423,A2OY54JKHARPKS,0
506,A2KBTYNGUFRB9N,50
149,A15L6WGIK3VU7N,0
633,A3POYFULMTNW1H,-99
473,AMJY7CKRBEI2A,0
213,A1VYRD3HO2WDUN,0
562,A2LRADB3KFT2AO,0
115,A1AVJRFM6L0RN8,0
545,A389Z7A60D4L8I,60
54,A1P7VNMICQDNJY,0
117,A14WWG6NKBDWGP,0
604,A2KBTYNGUFRB9N,50
484,A1757CYJKBGLV2,20
410,A1LY3NJTYW9TFF,0
463,ARQ4J4TLTPBNC,0
22,A1XUMT8PKEPRR1,0
323,A3EKIOVCNYJ9BJ,0
533,A1XUURRBT9RYFW,5
363,A1DCEOFAUIDY58,0
492,A2NCIFVGIZESDF,5
503,ADAGUJNWMEPT6,15
515,A2KBTYNGUFRB9N,30
152,ARQ4J4TLTPBNC,0
66,A15L6WGIK3VU7N,0
629,ARQ4J4TLTPBNC,100
209,A1VYRD3HO2WDUN,0
40,A1A38NLITTAW6C,99
248,A3BD4NONKGONRM,0
281,A2OY54JKHARPKS,0
442,A3MZF0DGGS6VEY,0
107,A1M0SEWUJYX9K0,0
488,A1757CYJKBGLV2,0
296,A1Q5GERIWS0YJR,0
656,A1A38NLITTAW6C,-12
292,AZ209ZYWRSIUG,0
384,AZ209ZYWRSIUG,0
440,ARQ4J4TLTPBNC,100
78,ARQ4J4TLTPBNC,0
261,A8ERQT8X2HQPK,50
337,A2OY54JKHARPKS,0
59,A15L6WGIK3VU7N,0
358,A2HNP1YL1IBFMU,0
678,AHFO0JTF5WO8J,0
623,A15L6WGIK3VU7N,-20
518,A1AVJRFM6L0RN8,0
373,A1DCEOFAUIDY58,10
287,A2NCIFVGIZESDF,0
367,ALHOGP0VKKGM3,20
485,AS51Z6DBWM9JM,78
288,A1757CYJKBGLV2,0
140,A1A38NLITTAW6C,99
313,ARQ4J4TLTPBNC,100
429,AHFO0JTF5WO8J,0
672,A8ERQT8X2HQPK,-5
464,A1DCEOFAUIDY58,0
482,AS51Z6DBWM9JM,0
378,AMJY7CKRBEI2A,0
299,A2KBTYNGUFRB9N,80
471,ALHOGP0VKKGM3,12
145,A3MZF0DGGS6VEY,0
681,A2OY54JKHARPKS,0
234,A1XUURRBT9RYFW,10
659,ARQ4J4TLTPBNC,0
700,A1VYRD3HO2WDUN,-60
660,ARQ4J4TLTPBNC,-100
79,ARQ4J4TLTPBNC,0
57,A389Z7A60D4L8I,0
150,A3HA3UOKO2HTOK,60
148,A2HNP1YL1IBFMU,100
88,A15MN5MDG4D7Q9,20
272,ALHOGP0VKKGM3,16
111,A2KBTYNGUFRB9N,0
662,ALHOGP0VKKGM3,0
478,A2LRADB3KFT2AO,10
424,A3POYFULMTNW1H,0
243,A1P7VNMICQDNJY,0
29,AHFO0JTF5WO8J,0
6,A1M0SEWUJYX9K0,80
274,A15L6WGIK3VU7N,0
141,A3HA3UOKO2HTOK,10
41,A3BD4NONKGONRM,0
82,A3POYFULMTNW1H,0
564,A8ERQT8X2HQPK,0
673,AHFO0JTF5WO8J,-50
67,AZ209ZYWRSIUG,0
66,AMJY7CKRBEI2A,0
375,AHFO0JTF5WO8J,80
607,A14WWG6NKBDWGP,75
618,ARQ4J4TLTPBNC,-100
414,A1LY3NJTYW9TFF,0
34,ARQ4J4TLTPBNC,100
492,ARQ4J4TLTPBNC,100
607,A1LY3NJTYW9TFF,0
689,A2OY54JKHARPKS,0
281,AZ209ZYWRSIUG,0
29,A2OY54JKHARPKS,0
160,A15L6WGIK3VU7N,0
175,A2LRADB3KFT2AO,20
101,ARQ4J4TLTPBNC,100
427,A3TDUHEBFJ53NM,0
630,A15L6WGIK3VU7N,80
490,AZ209ZYWRSIUG,0
29,A15L6WGIK3VU7N,0
191,A15MN5MDG4D7Q9,10
116,ADAGUJNWMEPT6,25
420,A3TDUHEBFJ53NM,0
672,A1DCEOFAUIDY58,0
294,A1ZGDXSHUPEQD9,0
599,ARQ4J4TLTPBNC,100
56,A1P7VNMICQDNJY,100
451,A1P7VNMICQDNJY,100
31,A1XUMT8PKEPRR1,70
220,A3EKIOVCNYJ9BJ,0
574,A2LRADB3KFT2AO,0
533,A15L6WGIK3VU7N,0
52,ARPJ3NYNHTA31,0
682,A1757CYJKBGLV2,0
192,ARQ4J4TLTPBNC,100
84,A2NCIFVGIZESDF,50
233,A3POYFULMTNW1H,99
157,A3MZF0DGGS6VEY,0
576,ARQ4J4TLTPBNC,0
229,AHFO0JTF5WO8J,0
518,A2KBTYNGUFRB9N,30
614,A1M0SEWUJYX9K0,50
170,AHFO0JTF5WO8J,0
570,A1DCEOFAUIDY58,90
478,A1DCEOFAUIDY58,0
133,A1XUURRBT9RYFW,10
80,A3POYFULMTNW1H,80
663,A15L6WGIK3VU7N,-5
172,A18WNE09USHJSG,20
492,A3POYFULMTNW1H,20
401,A1M0SEWUJYX9K0,75
275,AHFO0JTF5WO8J,0
581,A15MN5MDG4D7Q9,5
210,A14WWG6NKBDWGP,0
202,A1AVJRFM6L0RN8,0
580,A1Q5GERIWS0YJR,0
335,A39APWH62XBLR9,10
446,A2HNP1YL1IBFMU,100
660,A2LRADB3KFT2AO,-50
47,A1A38NLITTAW6C,70
224,A2OY54JKHARPKS,0
381,A1757CYJKBGLV2,50
265,AMJY7CKRBEI2A,0
476,ARQ4J4TLTPBNC,0
641,A1A38NLITTAW6C,0
539,A1A38NLITTAW6C,0
385,A3POYFULMTNW1H,0
507,A14WWG6NKBDWGP,50
156,A389Z7A60D4L8I,0
370,ALHOGP0VKKGM3,0
514,A2KBTYNGUFRB9N,40
308,A1LY3NJTYW9TFF,0
502,A2KBTYNGUFRB9N,30
352,A15L6WGIK3VU7N,10
576,AMJY7CKRBEI2A,0
169,A1DCEOFAUIDY58,0
564,A18WNE09USHJSG,15
459,ARQ4J4TLTPBNC,0
670,AZ209ZYWRSIUG,0
348,A389Z7A60D4L8I,0
459,A15L6WGIK3VU7N,0
374,A18WNE09USHJSG,0
222,A15L6WGIK3VU7N,0
343,A3MZF0DGGS6VEY,0
56,A3HA3UOKO2HTOK,30
109,A1VYRD3HO2WDUN,50
486,A3POYFULMTNW1H,30
315,ARQ4J4TLTPBNC,100
243,A3MZF0DGGS6VEY,75
194,ARQ4J4TLTPBNC,0
586,A1ZGDXSHUPEQD9,0
611,ADAGUJNWMEPT6,1
128,A3POYFULMTNW1H,0
18,A1XUURRBT9RYFW,0
64,A8ERQT8X2HQPK,0
130,A3EKIOVCNYJ9BJ,0
341,A15L6WGIK3VU7N,0
38,AHFO0JTF5WO8J,0
342,A2HNP1YL1IBFMU,0
17,A1VYRD3HO2WDUN,0
28,ARQ4J4TLTPBNC,100
73,ALHOGP0VKKGM3,15
304,A1XUURRBT9RYFW,5
249,A15L6WGIK3VU7N,0
541,A15L6WGIK3VU7N,0
225,A15L6WGIK3VU7N,0
632,A3POYFULMTNW1H,0
60,A18WNE09USHJSG,20
630,A1XUMT8PKEPRR1,20
604,A3POYFULMTNW1H,50
204,ARQ4J4TLTPBNC,0
410,A2KBTYNGUFRB9N,0
563,AHFO0JTF5WO8J,60
47,A1P7VNMICQDNJY,0
136,A1XUMT8PKEPRR1,0
175,A18WNE09USHJSG,0
506,A14WWG6NKBDWGP,50
271,AMJY7CKRBEI2A,0
317,A1AVJRFM6L0RN8,50
542,A15L6WGIK3VU7N,0
455,A1P7VNMICQDNJY,100
178,A2LRADB3KFT2AO,0
581,A2OY54JKHARPKS,15
661,AHFO0JTF5WO8J,-50
613,A1VYRD3HO2WDUN,20
675,ALHOGP0VKKGM3,3
503,A14WWG6NKBDWGP,10
247,A3BD4NONKGONRM,0
405,ARQ4J4TLTPBNC,0
587,A1ZGDXSHUPEQD9,0
256,A3HA3UOKO2HTOK,0
27,A3POYFULMTNW1H,0
425,A3TDUHEBFJ53NM,70
337,ARQ4J4TLTPBNC,0
57,A15L6WGIK3VU7N,0
320,A1XUMT8PKEPRR1,0
217,A1AVJRFM6L0RN8,0
666,AMJY7CKRBEI2A,15
511,A14WWG6NKBDWGP,0
360,A1DCEOFAUIDY58,0
602,A2KBTYNGUFRB9N,-60
163,AZ209ZYWRSIUG,80
56,A389Z7A60D4L8I,0
443,A3HA3UOKO2HTOK,0
385,A1Q5GERIWS0YJR,0
606,A3POYFULMTNW1H,-80
562,A18WNE09USHJSG,25
682,ARQ4J4TLTPBNC,0
80,A1Q5GERIWS0YJR,50
360,ARQ4J4TLTPBNC,0
619,A3EKIOVCNYJ9BJ,40
322,A3TDUHEBFJ53NM,0
156,A3MZF0DGGS6VEY,0
297,A1ZGDXSHUPEQD9,0
439,A1P7VNMICQDNJY,0
81,A2OY54JKHARPKS,0
287,AZ209ZYWRSIUG,0
207,ADAGUJNWMEPT6,0
700,A1AVJRFM6L0RN8,65
516,ADAGUJNWMEPT6,20
597,AS51Z6DBWM9JM,0
105,A1VYRD3HO2WDUN,10
303,A1VYRD3HO2WDUN,0
355,A3HA3UOKO2HTOK,0
34,A39APWH62XBLR9,0
226,A3TDUHEBFJ53NM,50
51,A3MZF0DGGS6VEY,0
552,A3HA3UOKO2HTOK,0
522,A39APWH62XBLR9,0
78,A8ERQT8X2HQPK,0
108,ARQ4J4TLTPBNC,0
433,ARQ4J4TLTPBNC,100
94,A3POYFULMTNW1H,0
135,A3TDUHEBFJ53NM,0
426,A3EKIOVCNYJ9BJ,0
650,A389Z7A60D4L8I,0
583,ARQ4J4TLTPBNC,0
597,A2OY54JKHARPKS,5
572,A2LRADB3KFT2AO,0
502,A1M0SEWUJYX9K0,10
18,ADAGUJNWMEPT6,5
326,A2OY54JKHARPKS,0
287,ARQ4J4TLTPBNC,0
16,A2KBTYNGUFRB9N,85
262,A2LRADB3KFT2AO,0
418,ADAGUJNWMEPT6,35
355,A3MZF0DGGS6VEY,0
587,A2NCIFVGIZESDF,10
677,A1DCEOFAUIDY58,-10
367,AZ209ZYWRSIUG,40
447,ARQ4J4TLTPBNC,0
389,A2OY54JKHARPKS,0
541,ARPJ3NYNHTA31,0
566,AZ209ZYWRSIUG,20
543,A1A38NLITTAW6C,5
204,A14WWG6NKBDWGP,0
543,A1P7VNMICQDNJY,0
394,AS51Z6DBWM9JM,80
25,A15L6WGIK3VU7N,0
501,A14WWG6NKBDWGP,40
415,A1VYRD3HO2WDUN,0
494,ARQ4J4TLTPBNC,100
396,AS51Z6DBWM9JM,0
103,ARQ4J4TLTPBNC,0
169,A15L6WGIK3VU7N,0
455,A2HNP1YL1IBFMU,100
376,A15L6WGIK3VU7N,0
537,A2OY54JKHARPKS,0
73,A15L6WGIK3VU7N,0
202,A3POYFULMTNW1H,0
140,A3HA3UOKO2HTOK,100
656,A389Z7A60D4L8I,0
664,AZ209ZYWRSIUG,20
364,A8ERQT8X2HQPK,0
438,A3EKIOVCNYJ9BJ,0
120,A3POYFULMTNW1H,0
471,A18WNE09USHJSG,15
165,A8ERQT8X2HQPK,0
9,ARQ4J4TLTPBNC,0
514,A1M0SEWUJYX9K0,15
384,A1Q5GERIWS0YJR,10
314,A3POYFULMTNW1H,50
459,AMJY7CKRBEI2A,20
143,A2HNP1YL1IBFMU,0
538,A3TDUHEBFJ53NM,50
575,AHFO0JTF5WO8J,55
139,A3MZF0DGGS6VEY,0
695,A2OY54JKHARPKS,0
345,A3HA3UOKO2HTOK,0
404,ARQ4J4TLTPBNC,0
242,ARQ4J4TLTPBNC,0
237,A39APWH62XBLR9,0
174,A1DCEOFAUIDY58,80
271,A1DCEOFAUIDY58,0
604,A1XUURRBT9RYFW,5
406,A2KBTYNGUFRB9N,0
610,A14WWG6NKBDWGP,0
643,A3BD4NONKGONRM,0
620,A39APWH62XBLR9,-50
407,A1XUURRBT9RYFW,0
503,A1LY3NJTYW9TFF,5
214,A1VYRD3HO2WDUN,0
530,A3EKIOVCNYJ9BJ,0
603,A1LY3NJTYW9TFF,0
369,ALHOGP0VKKGM3,65
451,A1A38NLITTAW6C,0
267,AHFO0JTF5WO8J,0
229,A3POYFULMTNW1H,0
135,A2OY54JKHARPKS,0
208,A1M0SEWUJYX9K0,50
357,A3HA3UOKO2HTOK,0
10,ADAGUJNWMEPT6,0
136,A15L6WGIK3VU7N,0
115,A2KBTYNGUFRB9N,0
390,A2NCIFVGIZESDF,0
654,A1A38NLITTAW6C,0
557,A2HNP1YL1IBFMU,0
559,AMJY7CKRBEI2A,0
185,AZ209ZYWRSIUG,0
90,A2NCIFVGIZESDF,0
674,AHFO0JTF5WO8J,-90
220,AHFO0JTF5WO8J,0
89,A3POYFULMTNW1H,0
410,A3POYFULMTNW1H,0
208,A2KBTYNGUFRB9N,60
456,A3MZF0DGGS6VEY,0
669,A15L6WGIK3VU7N,0
468,ARQ4J4TLTPBNC,0
439,A15L6WGIK3VU7N,0
93,AS51Z6DBWM9JM,0
307,A2KBTYNGUFRB9N,80
291,A1757CYJKBGLV2,30
318,ARQ4J4TLTPBNC,0
226,A15L6WGIK3VU7N,20
315,A2KBTYNGUFRB9N,40
355,A1A38NLITTAW6C,0
472,AHFO0JTF5WO8J,50
152,A3MZF0DGGS6VEY,0
151,A1A38NLITTAW6C,0
403,A1XUURRBT9RYFW,0
146,A2HNP1YL1IBFMU,80
97,A1757CYJKBGLV2,0
441,A389Z7A60D4L8I,0
607,A1XUURRBT9RYFW,5
338,A1XUMT8PKEPRR1,0
46,A389Z7A60D4L8I,0
331,A3POYFULMTNW1H,0
47,A3HA3UOKO2HTOK,0
531,A39APWH62XBLR9,10
361,A15L6WGIK3VU7N,40
235,A15L6WGIK3VU7N,5
306,ADAGUJNWMEPT6,0
558,A15L6WGIK3VU7N,20
213,A1LY3NJTYW9TFF,10
536,A2OY54JKHARPKS,0
109,ARQ4J4TLTPBNC,0
348,A1A38NLITTAW6C,0
637,ARQ4J4TLTPBNC,0
89,A1Q5GERIWS0YJR,0
70,ARQ4J4TLTPBNC,0
700,A14WWG6NKBDWGP,-70
228,A3TDUHEBFJ53NM,80
156,ARQ4J4TLTPBNC,0
499,A1M0SEWUJYX9K0,50
696,AZ209ZYWRSIUG,-100
263,A1DCEOFAUIDY58,0
573,AMJY7CKRBEI2A,0
256,A15L6WGIK3VU7N,0
578,AMJY7CKRBEI2A,10
601,A3POYFULMTNW1H,-20
664,A18WNE09USHJSG,-25
602,ADAGUJNWMEPT6,-15
580,ARQ4J4TLTPBNC,0
617,A1XUURRBT9RYFW,5
347,A3BD4NONKGONRM,0
231,A39APWH62XBLR9,70
214,ADAGUJNWMEPT6,0
361,A18WNE09USHJSG,0
449,A3BD4NONKGONRM,0
413,A2KBTYNGUFRB9N,0
225,A3TDUHEBFJ53NM,10
90,A3POYFULMTNW1H,0
324,A39APWH62XBLR9,0
393,A15MN5MDG4D7Q9,5
322,A15L6WGIK3VU7N,0
349,A3BD4NONKGONRM,0
623,A3POYFULMTNW1H,30
510,A3POYFULMTNW1H,20
641,ARQ4J4TLTPBNC,0
269,A1DCEOFAUIDY58,0
625,A1XUURRBT9RYFW,-10
502,A1AVJRFM6L0RN8,0
299,A1AVJRFM6L0RN8,0
110,A2KBTYNGUFRB9N,0
602,A3POYFULMTNW1H,80
13,A1AVJRFM6L0RN8,0
200,A1VYRD3HO2WDUN,50
630,A3EKIOVCNYJ9BJ,70
98,A1757CYJKBGLV2,100
421,A3TDUHEBFJ53NM,0
396,A15MN5MDG4D7Q9,0
447,A3HA3UOKO2HTOK,0
397,ARQ4J4TLTPBNC,0
608,ADAGUJNWMEPT6,-15
659,AHFO0JTF5WO8J,0
288,A2OY54JKHARPKS,0
649,A389Z7A60D4L8I,-20
7,A1LY3NJTYW9TFF,0
305,A1AVJRFM6L0RN8,0
141,ARQ4J4TLTPBNC,0
693,A15MN5MDG4D7Q9,0
119,AHFO0JTF5WO8J,0
38,A3POYFULMTNW1H,0
528,A39APWH62XBLR9,30
285,AS51Z6DBWM9JM,0
174,ALHOGP0VKKGM3,65
186,AZ209ZYWRSIUG,60
674,A15L6WGIK3VU7N,40
661,AZ209ZYWRSIUG,-80
686,A1757CYJKBGLV2,10
129,A3TDUHEBFJ53NM,0
12,A1AVJRFM6L0RN8,25
24,A3TDUHEBFJ53NM,0
513,A1M0SEWUJYX9K0,25
240,A389Z7A60D4L8I,20
646,A15L6WGIK3VU7N,-89
542,A3MZF0DGGS6VEY,0
694,A2OY54JKHARPKS,0
323,A15L6WGIK3VU7N,0
107,A1LY3NJTYW9TFF,0
525,A3EKIOVCNYJ9BJ,0
629,AHFO0JTF5WO8J,80
206,ARQ4J4TLTPBNC,40
127,A3TDUHEBFJ53NM,0
380,A1757CYJKBGLV2,0
508,A1M0SEWUJYX9K0,0
134,A3EKIOVCNYJ9BJ,10
649,ARPJ3NYNHTA31,0
261,ALHOGP0VKKGM3,16
248,A2HNP1YL1IBFMU,0
76,AMJY7CKRBEI2A,0
490,A1ZGDXSHUPEQD9,0
7,A14WWG6NKBDWGP,0
498,A3POYFULMTNW1H,0
418,A3POYFULMTNW1H,80
363,ARQ4J4TLTPBNC,0
211,A2KBTYNGUFRB9N,0
431,A3POYFULMTNW1H,99
512,ADAGUJNWMEPT6,10
42,A3HA3UOKO2HTOK,0
536,A15L6WGIK3VU7N,20
302,ARQ4J4TLTPBNC,0
341,A3BD4NONKGONRM,0
139,A1A38NLITTAW6C,0
277,A18WNE09USHJSG,0
118,A3POYFULMTNW1H,0
684,A1757CYJKBGLV2,80
586,A2NCIFVGIZESDF,50
382,AS51Z6DBWM9JM,0
1,A1LY3NJTYW9TFF,5
512,ARQ4J4TLTPBNC,0
635,A3POYFULMTNW1H,30
481,A3POYFULMTNW1H,0
9,A3POYFULMTNW1H,35
72,AZ209ZYWRSIUG,20
235,A3POYFULMTNW1H,0
700,ARQ4J4TLTPBNC,-100
65,A18WNE09USHJSG,0
337,A1XUURRBT9RYFW,0
671,A2LRADB3KFT2AO,-20
521,A3POYFULMTNW1H,0
281,A3POYFULMTNW1H,0
552,A389Z7A60D4L8I,50
647,ARPJ3NYNHTA31,0
574,A8ERQT8X2HQPK,30
45,A3BD4NONKGONRM,0
398,AZ209ZYWRSIUG,0
424,A1XUMT8PKEPRR1,0
601,A2KBTYNGUFRB9N,-75
43,A15L6WGIK3VU7N,0
401,A3POYFULMTNW1H,10
495,A2OY54JKHARPKS,0
45,ARQ4J4TLTPBNC,0
232,A3TDUHEBFJ53NM,0
334,A3POYFULMTNW1H,0
53,ARPJ3NYNHTA31,0
41,ARQ4J4TLTPBNC,0
293,AS51Z6DBWM9JM,15
5,A2KBTYNGUFRB9N,20
501,A1M0SEWUJYX9K0,20
385,AZ209ZYWRSIUG,0
324,A3POYFULMTNW1H,0
577,AMJY7CKRBEI2A,20
512,A1AVJRFM6L0RN8,0
449,A2HNP1YL1IBFMU,100
191,A1Q5GERIWS0YJR,0
552,A1A38NLITTAW6C,89
297,A1757CYJKBGLV2,0
83,A2NCIFVGIZESDF,15
432,A1XUURRBT9RYFW,0
621,A2OY54JKHARPKS,0
614,ARQ4J4TLTPBNC,0
23,A3POYFULMTNW1H,0
214,A14WWG6NKBDWGP,0
3,A14WWG6NKBDWGP,0
482,A15MN5MDG4D7Q9,20
378,A2LRADB3KFT2AO,10
343,A1P7VNMICQDNJY,0
218,A2KBTYNGUFRB9N,0
65,AMJY7CKRBEI2A,0
607,A3POYFULMTNW1H,0
183,AZ209ZYWRSIUG,0
371,A1DCEOFAUIDY58,0
522,AHFO0JTF5WO8J,65
462,A2LRADB3KFT2AO,0
163,A15L6WGIK3VU7N,13
582,A2OY54JKHARPKS,0
333,A15L6WGIK3VU7N,0
185,A3POYFULMTNW1H,0
224,A3POYFULMTNW1H,0
667,ALHOGP0VKKGM3,0
79,A1Q5GERIWS0YJR,0
540,A389Z7A60D4L8I,30
611,A2KBTYNGUFRB9N,0
639,A2HNP1YL1IBFMU,0
164,A8ERQT8X2HQPK,10
155,A1P7VNMICQDNJY,0
356,A3BD4NONKGONRM,0
166,A8ERQT8X2HQPK,0
642,A3BD4NONKGONRM,0
549,A3HA3UOKO2HTOK,0
574,AZ209ZYWRSIUG,40
484,A1Q5GERIWS0YJR,90
414,A1AVJRFM6L0RN8,0
222,A1XUMT8PKEPRR1,0
335,A2OY54JKHARPKS,0
572,A15L6WGIK3VU7N,20
400,A2KBTYNGUFRB9N,0
292,AS51Z6DBWM9JM,75
476,A2LRADB3KFT2AO,0
507,A1LY3NJTYW9TFF,0
539,ARQ4J4TLTPBNC,0
1,ARQ4J4TLTPBNC,100
420,AHFO0JTF5WO8J,0
212,A1XUURRBT9RYFW,0
61,A18WNE09USHJSG,75
173,A8ERQT8X2HQPK,25
340,A1P7VNMICQDNJY,0
415,A2KBTYNGUFRB9N,0
273,A8ERQT8X2HQPK,0
570,AZ209ZYWRSIUG,0
274,A8ERQT8X2HQPK,0
358,A389Z7A60D4L8I,0
155,A15L6WGIK3VU7N,0
460,A15L6WGIK3VU7N,0
454,A3BD4NONKGONRM,0
700,A1LY3NJTYW9TFF,0
262,A15L6WGIK3VU7N,0
143,A3BD4NONKGONRM,0
650,ARQ4J4TLTPBNC,0
346,A389Z7A60D4L8I,30
577,AHFO0JTF5WO8J,50
242,A3BD4NONKGONRM,0
672,AHFO0JTF5WO8J,50
565,A15L6WGIK3VU7N,0
342,A3HA3UOKO2HTOK,0
249,ARPJ3NYNHTA31,0
227,A3TDUHEBFJ53NM,0
477,ALHOGP0VKKGM3,12
663,A18WNE09USHJSG,-25
126,AHFO0JTF5WO8J,0
141,A15L6WGIK3VU7N,0
563,A8ERQT8X2HQPK,0
461,A15L6WGIK3VU7N,0
655,ARQ4J4TLTPBNC,-100
141,ARPJ3NYNHTA31,0
177,AZ209ZYWRSIUG,0
633,ARQ4J4TLTPBNC,-100
230,A39APWH62XBLR9,0
208,A1AVJRFM6L0RN8,0
635,A3EKIOVCNYJ9BJ,0
28,A1XUURRBT9RYFW,0
406,ARQ4J4TLTPBNC,100
397,AS51Z6DBWM9JM,0
390,A2OY54JKHARPKS,0
329,A1XUMT8PKEPRR1,0
263,A15L6WGIK3VU7N,0
159,A18WNE09USHJSG,10
323,A1XUURRBT9RYFW,0
686,ARQ4J4TLTPBNC,-100
673,A1DCEOFAUIDY58,-25
595,A2NCIFVGIZESDF,0
51,A2HNP1YL1IBFMU,100
85,A1Q5GERIWS0YJR,0
68,A1DCEOFAUIDY58,0
36,A39APWH62XBLR9,0
128,ARQ4J4TLTPBNC,100
368,A18WNE09USHJSG,15
91,AZ209ZYWRSIUG,0
53,A389Z7A60D4L8I,0
33,A39APWH62XBLR9,100
100,A14WWG6NKBDWGP,50
231,A3POYFULMTNW1H,60
253,A2HNP1YL1IBFMU,0
71,ARQ4J4TLTPBNC,0
230,AHFO0JTF5WO8J,0
660,ALHOGP0VKKGM3,-12
221,A3POYFULMTNW1H,0
116,A2KBTYNGUFRB9N,90
111,A3POYFULMTNW1H,0
481,A15MN5MDG4D7Q9,0
23,A3EKIOVCNYJ9BJ,20
613,ARQ4J4TLTPBNC,100
543,A3HA3UOKO2HTOK,0
557,ARQ4J4TLTPBNC,0
264,ARQ4J4TLTPBNC,0
693,A1Q5GERIWS0YJR,10
147,A2HNP1YL1IBFMU,0
12,A2KBTYNGUFRB9N,0
93,A1ZGDXSHUPEQD9,0
160,AZ209ZYWRSIUG,0
95,A15MN5MDG4D7Q9,50
134,A3POYFULMTNW1H,0
198,A2OY54JKHARPKS,0
45,A3HA3UOKO2HTOK,0
48,A3MZF0DGGS6VEY,10
22,AHFO0JTF5WO8J,0
225,A39APWH62XBLR9,50
90,A15MN5MDG4D7Q9,30
180,A3POYFULMTNW1H,80
126,A3POYFULMTNW1H,0
598,AZ209ZYWRSIUG,0
345,ARPJ3NYNHTA31,0
159,A1DCEOFAUIDY58,0
570,A2LRADB3KFT2AO,0
397,A2NCIFVGIZESDF,0
438,ARQ4J4TLTPBNC,0
460,A18WNE09USHJSG,10
433,A3POYFULMTNW1H,99
553,A1A38NLITTAW6C,89
404,A3POYFULMTNW1H,0
591,AS51Z6DBWM9JM,0
83,AS51Z6DBWM9JM,0
123,A15L6WGIK3VU7N,25
697,A1ZGDXSHUPEQD9,0
608,A1AVJRFM6L0RN8,0
153,A2HNP1YL1IBFMU,0
121,A3POYFULMTNW1H,0
119,A15L6WGIK3VU7N,0
96,A2NCIFVGIZESDF,30
616,A14WWG6NKBDWGP,-80
679,AZ209ZYWRSIUG,0
550,A389Z7A60D4L8I,90
324,AHFO0JTF5WO8J,0
571,ARQ4J4TLTPBNC,0
365,A18WNE09USHJSG,15
505,A1LY3NJTYW9TFF,0
117,A3POYFULMTNW1H,0
314,A1M0SEWUJYX9K0,15
572,AZ209ZYWRSIUG,0
239,A15L6WGIK3VU7N,0
53,A3MZF0DGGS6VEY,0
419,A39APWH62XBLR9,0
116,A3POYFULMTNW1H,90
167,ALHOGP0VKKGM3,0
376,ALHOGP0VKKGM3,4
127,A1XUMT8PKEPRR1,0
458,ARPJ3NYNHTA31,0
233,A15L6WGIK3VU7N,6
519,A39APWH62XBLR9,0
32,A39APWH62XBLR9,0
111,ARQ4J4TLTPBNC,50
296,A1757CYJKBGLV2,30
407,A1LY3NJTYW9TFF,0
637,A15L6WGIK3VU7N,0
488,A3POYFULMTNW1H,0
144,A3BD4NONKGONRM,100
614,A3POYFULMTNW1H,50
413,ADAGUJNWMEPT6,0
313,A1VYRD3HO2WDUN,0
327,A2OY54JKHARPKS,2
471,A8ERQT8X2HQPK,0
171,ALHOGP0VKKGM3,65
355,A2HNP1YL1IBFMU,0
171,ARQ4J4TLTPBNC,0
117,A1XUURRBT9RYFW,0
659,AZ209ZYWRSIUG,0
403,A1LY3NJTYW9TFF,0
147,ARPJ3NYNHTA31,0
504,A1M0SEWUJYX9K0,20
382,ARQ4J4TLTPBNC,0
586,A2OY54JKHARPKS,0
613,A2KBTYNGUFRB9N,40
400,ARQ4J4TLTPBNC,0
360,ALHOGP0VKKGM3,0
145,A1A38NLITTAW6C,0
97,A1ZGDXSHUPEQD9,0
691,AZ209ZYWRSIUG,0
513,A2KBTYNGUFRB9N,20
374,A2LRADB3KFT2AO,30
605,A1AVJRFM6L0RN8,0
620,ARQ4J4TLTPBNC,0
505,ARQ4J4TLTPBNC,0
658,ARQ4J4TLTPBNC,-100
272,A1DCEOFAUIDY58,0
256,A3MZF0DGGS6VEY,0
29,A3POYFULMTNW1H,0
262,A8ERQT8X2HQPK,0
634,A3POYFULMTNW1H,-50
313,A3POYFULMTNW1H,80
160,A8ERQT8X2HQPK,0
108,A1XUURRBT9RYFW,0
81,AZ209ZYWRSIUG,0
648,A3MZF0DGGS6VEY,-100
474,A8ERQT8X2HQPK,0
612,A1M0SEWUJYX9K0,40
371,A18WNE09USHJSG,0
166,ARQ4J4TLTPBNC,0
437,A2OY54JKHARPKS,0
117,A1VYRD3HO2WDUN,5
669,AZ209ZYWRSIUG,0
321,A1XUMT8PKEPRR1,50
8,A1M0SEWUJYX9K0,0
477,A15L6WGIK3VU7N,0
178,ARQ4J4TLTPBNC,0
133,A15L6WGIK3VU7N,25
487,ARQ4J4TLTPBNC,00
533,A3POYFULMTNW1H,0
411,A1VYRD3HO2WDUN,0
478,AMJY7CKRBEI2A,0
669,AHFO0JTF5WO8J,0
254,A1P7VNMICQDNJY,0
398,A1757CYJKBGLV2,0
15,ADAGUJNWMEPT6,0
269,AHFO0JTF5WO8J,0
34,A1XUURRBT9RYFW,5
111,A1AVJRFM6L0RN8,0
295,ARQ4J4TLTPBNC,0
577,A1DCEOFAUIDY58,10
278,AZ209ZYWRSIUG,0
197,A15MN5MDG4D7Q9,5
611,A1VYRD3HO2WDUN,0
109,ADAGUJNWMEPT6,0
531,A3POYFULMTNW1H,50
89,A2OY54JKHARPKS,0
233,A39APWH62XBLR9,50
606,A14WWG6NKBDWGP,-60
562,A15L6WGIK3VU7N,14
286,A1757CYJKBGLV2,70
698,AS51Z6DBWM9JM,0
650,A3MZF0DGGS6VEY,0
153,A3HA3UOKO2HTOK,40
623,A3EKIOVCNYJ9BJ,-10
393,AS51Z6DBWM9JM,5
108,A3POYFULMTNW1H,0
221,A1XUURRBT9RYFW,0
489,A1ZGDXSHUPEQD9,0
459,A18WNE09USHJSG,10
4,A1M0SEWUJYX9K0,0
432,A3EKIOVCNYJ9BJ,0
493,A2OY54JKHARPKS,0
376,AMJY7CKRBEI2A,0
536,A1XUURRBT9RYFW,5
219,A3EKIOVCNYJ9BJ,0
117,A2KBTYNGUFRB9N,15
467,A1DCEOFAUIDY58,0
